user_id,city,order_date,order_value_inr,complaint_type,refund_requested,refund_ttr_hours,delivered_ok,repeat_order_30d
2,Mumbai,2026-05-19,305.01,none,False,,True,False
4,Hyderabad,2026-05-21,1007.36,false_delivered_status,True,86.8,False,False
6,Kolkata,2026-06-16,379.85,none,False,,True,False
8,Mumbai,2026-06-27,203.33,none,False,,True,False
10,Hyderabad,2026-05-02,299.44,none,False,,True,False
13,Pune,2026-05-18,274.85,none,False,,True,True
14,Pune,2026-05-15,525.01,missing_or_wrong_item,True,5.2,False,False
16,Pune,2026-06-11,155.32,none,False,,True,False
17,Kolkata,2026-05-24,410.04,missing_or_wrong_item,True,16.0,False,False
18,Kolkata,2026-05-03,128.13,none,False,,True,False
19,Mumbai,2026-06-11,478.07,false_delivered_status,True,50.4,False,False
24,Delhi,2026-06-26,347.59,false_delivered_status,True,75.4,False,False
26,Bengaluru,2026-06-23,122.03,none,False,,True,True
27,Hyderabad,2026-06-08,681.62,none,False,,True,False
28,Mumbai,2026-05-28,448.57,none,False,,True,False
30,Hyderabad,2026-06-24,367.74,none,False,,True,True
31,Kolkata,2026-05-22,290.06,none,False,,True,True
33,Bengaluru,2026-05-19,386.35,address_triggered_cancellation,True,9.7,False,False
41,Kolkata,2026-06-04,316.47,none,False,,True,True
45,Mumbai,2026-05-21,238.46,address_triggered_cancellation,True,34.1,False,False
50,Pune,2026-05-21,536.23,missing_or_wrong_item,True,4.1,False,False
52,Mumbai,2026-06-01,496.68,missing_or_wrong_item,True,4.7,False,False
59,Kolkata,2026-06-12,83.62,none,False,,True,False
60,Hyderabad,2026-05-06,279.12,missing_or_wrong_item,True,15.2,False,False
61,Pune,2026-06-19,119.23,none,False,,True,False
62,Mumbai,2026-06-06,216.97,none,False,,True,False
65,Pune,2026-06-24,466.4,false_delivered_status,True,56.0,False,False
66,Hyderabad,2026-05-05,146.18,missing_or_wrong_item,True,6.5,False,False
67,Mumbai,2026-06-17,274.79,none,False,,True,False
70,Pune,2026-06-14,432.75,address_triggered_cancellation,True,44.6,False,False
71,Bengaluru,2026-05-20,245.88,missing_or_wrong_item,True,14.2,False,False
73,Hyderabad,2026-05-29,354.16,address_triggered_cancellation,True,20.3,False,False
75,Mumbai,2026-06-20,333.36,missing_or_wrong_item,True,3.0,False,True
77,Bengaluru,2026-06-18,283.69,missing_or_wrong_item,True,1.3,False,False
84,Pune,2026-06-22,279.03,address_triggered_cancellation,True,23.6,False,False
85,Bengaluru,2026-05-11,411.55,address_triggered_cancellation,True,12.2,False,False
86,Kolkata,2026-05-13,646.08,false_delivered_status,True,29.8,False,False
91,Bengaluru,2026-06-14,170.87,refund_delay_only,True,21.7,True,False
92,Delhi,2026-06-08,509.87,none,False,,True,False
95,Bengaluru,2026-06-29,41.53,none,False,,True,True
98,Hyderabad,2026-05-24,332.71,false_delivered_status,True,34.0,False,False
100,Kolkata,2026-05-17,116.99,none,False,,True,True
105,Pune,2026-06-02,53.47,none,False,,True,True
108,Delhi,2026-05-21,385.71,none,False,,True,False
110,Mumbai,2026-06-23,302.8,missing_or_wrong_item,True,8.3,False,False
112,Pune,2026-05-14,255.39,address_triggered_cancellation,True,36.3,False,False
113,Mumbai,2026-05-18,354.95,none,False,,True,True
117,Pune,2026-06-12,196.9,false_delivered_status,True,22.4,False,False
118,Bengaluru,2026-06-23,750.57,refund_delay_only,True,17.3,True,False
120,Bengaluru,2026-05-19,369.35,none,False,,True,True
122,Mumbai,2026-06-14,219.02,none,False,,True,False
123,Bengaluru,2026-06-17,65.94,none,False,,True,True
124,Kolkata,2026-05-14,191.86,refund_delay_only,True,15.8,True,False
126,Hyderabad,2026-06-14,237.56,missing_or_wrong_item,True,15.2,False,False
128,Kolkata,2026-06-13,407.78,none,False,,True,True
130,Delhi,2026-06-13,266.21,none,False,,True,True
132,Pune,2026-05-06,211.58,address_triggered_cancellation,True,44.3,False,False
139,Pune,2026-06-12,614.84,missing_or_wrong_item,True,2.5,False,False
140,Mumbai,2026-05-13,255.1,address_triggered_cancellation,True,19.3,False,False
141,Kolkata,2026-06-24,381.13,none,False,,True,False
146,Mumbai,2026-05-04,721.47,address_triggered_cancellation,True,15.2,False,False
147,Bengaluru,2026-06-07,618.55,none,False,,True,True
148,Mumbai,2026-05-14,63.71,missing_or_wrong_item,True,8.8,False,False
149,Bengaluru,2026-05-08,178.01,none,False,,True,False
152,Pune,2026-06-28,188.14,none,False,,True,True
153,Hyderabad,2026-06-25,278.09,none,False,,True,False
154,Bengaluru,2026-05-31,707.95,missing_or_wrong_item,True,16.9,False,False
155,Kolkata,2026-05-10,300.98,missing_or_wrong_item,True,23.6,False,False
156,Mumbai,2026-05-13,527.26,refund_delay_only,True,24.2,True,False
161,Delhi,2026-06-23,538.96,none,False,,True,True
162,Hyderabad,2026-06-26,160.29,address_triggered_cancellation,True,30.8,False,False
168,Delhi,2026-05-07,400.04,none,False,,True,False
169,Kolkata,2026-05-29,377.61,address_triggered_cancellation,True,45.3,False,False
170,Bengaluru,2026-06-16,466.28,none,False,,True,False
171,Hyderabad,2026-05-01,738.36,refund_delay_only,True,8.1,True,True
173,Pune,2026-05-08,72.09,none,False,,True,False
174,Kolkata,2026-06-26,267.0,address_triggered_cancellation,True,40.2,False,False
176,Pune,2026-06-23,461.16,none,False,,True,True
181,Hyderabad,2026-05-24,372.72,none,False,,True,True
185,Pune,2026-05-11,184.75,missing_or_wrong_item,True,0.6,False,False
187,Kolkata,2026-05-21,52.0,none,False,,True,False
189,Kolkata,2026-06-27,422.46,address_triggered_cancellation,True,20.3,False,False
192,Kolkata,2026-05-05,772.81,none,False,,True,True
193,Delhi,2026-06-28,178.08,missing_or_wrong_item,True,21.1,False,False
195,Bengaluru,2026-05-03,83.71,false_delivered_status,True,40.4,False,False
203,Pune,2026-05-18,469.12,none,False,,True,False
208,Bengaluru,2026-06-24,1041.43,none,False,,True,True
210,Delhi,2026-05-10,181.64,none,False,,True,False
222,Hyderabad,2026-05-14,760.07,none,False,,True,True
225,Mumbai,2026-05-18,190.48,none,False,,True,True
230,Bengaluru,2026-05-31,455.67,address_triggered_cancellation,True,43.5,False,False
231,Hyderabad,2026-05-02,370.31,false_delivered_status,True,68.8,False,False
232,Delhi,2026-06-10,362.09,none,False,,True,True
233,Kolkata,2026-05-19,222.76,none,False,,True,False
239,Bengaluru,2026-06-02,605.61,false_delivered_status,True,19.3,False,False
245,Bengaluru,2026-05-20,489.17,address_triggered_cancellation,True,20.1,False,False
247,Hyderabad,2026-05-16,206.87,none,False,,True,False
248,Bengaluru,2026-06-15,222.61,none,False,,True,True
250,Kolkata,2026-06-13,381.85,address_triggered_cancellation,True,19.9,False,False
251,Pune,2026-06-22,152.69,address_triggered_cancellation,True,65.0,False,True
252,Kolkata,2026-05-18,237.29,none,False,,True,True
256,Pune,2026-06-21,445.99,none,False,,True,True
257,Mumbai,2026-06-11,470.8,none,False,,True,False
259,Mumbai,2026-05-28,344.44,address_triggered_cancellation,True,14.8,False,False
260,Hyderabad,2026-05-06,155.67,missing_or_wrong_item,True,11.7,False,False
263,Pune,2026-06-24,115.46,none,False,,True,False
264,Pune,2026-06-01,215.73,missing_or_wrong_item,True,9.1,False,False
265,Kolkata,2026-05-15,391.84,missing_or_wrong_item,True,17.9,False,False
266,Hyderabad,2026-06-06,174.75,missing_or_wrong_item,True,9.0,False,False
267,Delhi,2026-06-05,210.26,none,False,,True,False
271,Mumbai,2026-06-24,158.83,none,False,,True,False
273,Delhi,2026-06-28,378.27,none,False,,True,True
275,Kolkata,2026-05-14,400.32,none,False,,True,True
276,Bengaluru,2026-05-12,77.85,none,False,,True,True
278,Hyderabad,2026-06-16,530.06,none,False,,True,False
280,Pune,2026-06-22,113.91,none,False,,True,True
282,Bengaluru,2026-06-19,384.82,none,False,,True,False
293,Bengaluru,2026-06-14,717.13,none,False,,True,True
295,Delhi,2026-06-02,160.37,none,False,,True,False
298,Delhi,2026-05-12,140.52,missing_or_wrong_item,True,27.1,False,False
302,Pune,2026-05-13,445.09,address_triggered_cancellation,True,50.9,False,False
303,Bengaluru,2026-05-29,338.76,none,False,,True,True
307,Kolkata,2026-05-07,485.71,none,False,,True,True
308,Kolkata,2026-06-23,246.2,none,False,,True,False
310,Mumbai,2026-05-27,103.48,address_triggered_cancellation,True,103.3,False,False
311,Mumbai,2026-05-19,273.57,none,False,,True,False
313,Hyderabad,2026-05-07,322.76,none,False,,True,True
317,Hyderabad,2026-06-09,686.61,none,False,,True,True
318,Hyderabad,2026-05-13,364.95,address_triggered_cancellation,True,28.6,False,False
319,Kolkata,2026-05-08,417.49,none,False,,True,True
321,Hyderabad,2026-05-08,373.31,none,False,,True,True
325,Hyderabad,2026-05-01,456.26,none,False,,True,False
328,Delhi,2026-05-01,132.12,none,False,,True,True
332,Kolkata,2026-05-03,481.47,none,False,,True,True
336,Bengaluru,2026-06-04,246.75,address_triggered_cancellation,True,27.8,False,False
341,Mumbai,2026-05-11,233.12,false_delivered_status,True,72.1,False,True
343,Delhi,2026-05-04,234.89,missing_or_wrong_item,True,18.9,False,False
345,Kolkata,2026-06-04,147.94,none,False,,True,False
346,Kolkata,2026-06-24,371.36,none,False,,True,False
349,Bengaluru,2026-06-18,469.06,false_delivered_status,True,62.0,False,False
353,Pune,2026-06-02,220.86,none,False,,True,True
358,Mumbai,2026-05-31,483.83,refund_delay_only,True,17.4,True,False
367,Kolkata,2026-05-20,348.69,address_triggered_cancellation,True,41.2,False,False
368,Kolkata,2026-06-24,490.74,false_delivered_status,True,36.9,False,False
369,Kolkata,2026-05-08,192.95,missing_or_wrong_item,True,20.4,False,False
370,Kolkata,2026-06-12,570.26,none,False,,True,True
374,Delhi,2026-06-06,283.16,refund_delay_only,True,15.7,True,True
375,Delhi,2026-05-04,516.44,none,False,,True,True
382,Pune,2026-05-10,337.0,none,False,,True,False
383,Hyderabad,2026-05-29,282.05,none,False,,True,True
385,Hyderabad,2026-05-19,544.66,none,False,,True,False
386,Kolkata,2026-06-22,204.39,none,False,,True,True
388,Delhi,2026-06-29,165.1,none,False,,True,False
389,Kolkata,2026-06-16,323.64,none,False,,True,True
391,Pune,2026-05-06,181.95,refund_delay_only,True,16.0,True,True
392,Bengaluru,2026-05-05,189.11,none,False,,True,False
396,Hyderabad,2026-05-21,337.6,refund_delay_only,True,54.6,True,False
397,Hyderabad,2026-05-14,335.06,none,False,,True,False
403,Mumbai,2026-06-06,437.99,none,False,,True,False
414,Mumbai,2026-05-25,319.16,none,False,,True,False
416,Hyderabad,2026-05-10,365.43,none,False,,True,False
418,Hyderabad,2026-05-20,171.79,none,False,,True,True
419,Bengaluru,2026-06-09,406.48,none,False,,True,False
430,Mumbai,2026-06-27,301.52,none,False,,True,True
431,Kolkata,2026-05-15,523.78,none,False,,True,True
433,Bengaluru,2026-05-04,183.02,refund_delay_only,True,47.4,True,False
436,Kolkata,2026-06-28,202.42,missing_or_wrong_item,True,7.5,False,True
437,Pune,2026-05-08,620.01,none,False,,True,True
441,Delhi,2026-06-28,174.25,missing_or_wrong_item,True,33.6,False,False
442,Pune,2026-06-05,1067.75,none,False,,True,False
443,Bengaluru,2026-06-22,698.67,address_triggered_cancellation,True,20.2,False,False
444,Mumbai,2026-06-10,574.93,none,False,,True,True
448,Delhi,2026-06-03,94.64,address_triggered_cancellation,True,31.7,False,False
449,Hyderabad,2026-06-15,133.82,address_triggered_cancellation,True,28.3,False,False
452,Hyderabad,2026-05-02,187.99,none,False,,True,False
454,Bengaluru,2026-06-29,207.02,address_triggered_cancellation,True,57.5,False,False
455,Pune,2026-05-20,525.7,missing_or_wrong_item,True,10.6,False,False
456,Bengaluru,2026-05-20,381.32,none,False,,True,False
458,Pune,2026-06-18,171.52,none,False,,True,False
459,Pune,2026-05-11,253.46,none,False,,True,False
467,Kolkata,2026-05-18,280.72,none,False,,True,True
469,Mumbai,2026-05-17,547.85,refund_delay_only,True,9.3,True,False
474,Bengaluru,2026-06-17,601.52,none,False,,True,True
481,Bengaluru,2026-06-14,472.86,refund_delay_only,True,36.2,True,False
487,Pune,2026-06-03,433.47,none,False,,True,True
488,Pune,2026-06-20,351.71,none,False,,True,False
489,Hyderabad,2026-06-20,516.78,none,False,,True,True
491,Kolkata,2026-06-26,448.19,address_triggered_cancellation,True,64.2,False,False
493,Bengaluru,2026-06-22,300.87,none,False,,True,False
501,Bengaluru,2026-06-07,541.86,none,False,,True,False
506,Mumbai,2026-06-18,530.22,none,False,,True,True
508,Delhi,2026-06-05,541.49,refund_delay_only,True,12.9,True,False
509,Hyderabad,2026-05-30,181.45,none,False,,True,False
517,Delhi,2026-06-24,315.73,none,False,,True,True
518,Mumbai,2026-05-14,200.96,none,False,,True,True
523,Mumbai,2026-05-08,179.36,refund_delay_only,True,7.9,True,False
527,Mumbai,2026-05-23,282.32,none,False,,True,True
528,Pune,2026-05-21,352.25,none,False,,True,True
530,Delhi,2026-06-06,802.72,none,False,,True,True
531,Kolkata,2026-06-04,246.59,none,False,,True,True
536,Hyderabad,2026-06-09,649.05,none,False,,True,True
542,Hyderabad,2026-05-16,264.0,none,False,,True,True
543,Bengaluru,2026-06-16,226.22,missing_or_wrong_item,True,2.5,False,True
544,Delhi,2026-06-24,511.51,none,False,,True,True
547,Delhi,2026-06-25,247.73,none,False,,True,True
551,Hyderabad,2026-05-22,489.68,refund_delay_only,True,14.4,True,False
552,Mumbai,2026-06-28,628.53,missing_or_wrong_item,True,8.8,False,False
553,Hyderabad,2026-05-11,194.09,none,False,,True,False
557,Mumbai,2026-05-14,532.08,address_triggered_cancellation,True,30.4,False,False
561,Kolkata,2026-06-23,292.41,missing_or_wrong_item,True,6.9,False,False
567,Bengaluru,2026-05-22,166.08,none,False,,True,False
573,Bengaluru,2026-05-11,331.25,false_delivered_status,True,32.3,False,False
577,Hyderabad,2026-05-15,136.51,none,False,,True,True
580,Hyderabad,2026-06-03,222.15,none,False,,True,True
585,Pune,2026-05-13,152.74,address_triggered_cancellation,True,38.1,False,False
587,Kolkata,2026-05-21,332.81,none,False,,True,True
588,Bengaluru,2026-06-03,335.36,none,False,,True,False
591,Mumbai,2026-06-09,282.46,address_triggered_cancellation,True,66.5,False,False
594,Delhi,2026-05-12,125.24,none,False,,True,True
604,Hyderabad,2026-05-16,292.12,address_triggered_cancellation,True,16.1,False,False
606,Hyderabad,2026-05-14,330.57,address_triggered_cancellation,True,91.1,False,False
617,Pune,2026-06-03,278.83,none,False,,True,False
618,Kolkata,2026-06-10,577.82,none,False,,True,True
619,Delhi,2026-05-10,574.1,none,False,,True,True
625,Hyderabad,2026-05-29,465.64,false_delivered_status,True,69.3,False,False
627,Hyderabad,2026-06-16,149.78,none,False,,True,True
630,Pune,2026-06-25,130.78,missing_or_wrong_item,True,17.9,False,False
632,Delhi,2026-06-08,185.12,none,False,,True,True
633,Pune,2026-05-02,343.96,address_triggered_cancellation,True,27.6,False,False
637,Bengaluru,2026-05-14,457.9,none,False,,True,False
639,Bengaluru,2026-06-14,535.43,none,False,,True,False
640,Bengaluru,2026-06-25,334.77,none,False,,True,False
642,Kolkata,2026-06-11,409.54,address_triggered_cancellation,True,35.2,False,False
646,Kolkata,2026-06-21,417.62,false_delivered_status,True,27.7,False,False
647,Kolkata,2026-06-13,354.98,none,False,,True,True
648,Mumbai,2026-06-20,533.97,none,False,,True,True
649,Hyderabad,2026-05-11,299.58,none,False,,True,False
650,Hyderabad,2026-05-24,510.36,none,False,,True,False
651,Mumbai,2026-06-09,182.25,none,False,,True,True
652,Mumbai,2026-05-29,387.66,none,False,,True,False
653,Mumbai,2026-05-17,243.78,missing_or_wrong_item,True,4.7,False,False
660,Bengaluru,2026-06-17,940.35,false_delivered_status,True,39.7,False,False
662,Hyderabad,2026-05-29,410.49,none,False,,True,False
663,Bengaluru,2026-06-24,691.51,none,False,,True,True
668,Pune,2026-06-28,293.11,none,False,,True,False
670,Kolkata,2026-06-11,184.32,none,False,,True,True
672,Mumbai,2026-06-13,211.85,missing_or_wrong_item,True,10.2,False,False
673,Mumbai,2026-06-01,342.78,false_delivered_status,True,29.7,False,False
677,Mumbai,2026-06-06,188.15,address_triggered_cancellation,True,18.8,False,False
683,Bengaluru,2026-06-01,257.81,none,False,,True,True
685,Pune,2026-06-20,233.93,none,False,,True,True
689,Bengaluru,2026-05-02,248.08,false_delivered_status,True,58.0,False,False
692,Delhi,2026-05-14,558.14,missing_or_wrong_item,True,24.0,False,False
696,Mumbai,2026-05-20,467.29,address_triggered_cancellation,True,51.2,False,False
699,Delhi,2026-06-07,355.42,none,False,,True,True
700,Hyderabad,2026-05-08,508.01,none,False,,True,True
705,Kolkata,2026-05-20,47.61,none,False,,True,True
707,Mumbai,2026-06-03,192.18,none,False,,True,True
709,Hyderabad,2026-06-25,322.55,false_delivered_status,True,41.4,False,False
712,Kolkata,2026-05-24,457.55,none,False,,True,True
714,Bengaluru,2026-06-13,122.62,address_triggered_cancellation,True,14.1,False,True
715,Delhi,2026-06-24,356.85,none,False,,True,False
719,Kolkata,2026-05-19,148.91,address_triggered_cancellation,True,43.9,False,False
723,Pune,2026-06-01,338.38,address_triggered_cancellation,True,19.8,False,False
729,Hyderabad,2026-06-21,496.25,none,False,,True,True
731,Kolkata,2026-05-08,427.52,none,False,,True,True
738,Hyderabad,2026-06-04,518.68,none,False,,True,False
740,Bengaluru,2026-06-09,201.17,none,False,,True,True
744,Bengaluru,2026-06-08,451.92,none,False,,True,True
745,Pune,2026-06-20,354.93,none,False,,True,False
748,Delhi,2026-05-12,433.0,none,False,,True,True
758,Mumbai,2026-05-05,113.49,address_triggered_cancellation,True,37.1,False,False
759,Pune,2026-05-28,32.24,false_delivered_status,True,147.2,False,False
760,Hyderabad,2026-06-18,357.07,none,False,,True,True
762,Mumbai,2026-05-01,326.27,missing_or_wrong_item,True,10.7,False,False
763,Pune,2026-06-28,405.3,none,False,,True,True
764,Mumbai,2026-05-21,428.55,none,False,,True,False
767,Kolkata,2026-06-04,456.08,none,False,,True,True
768,Delhi,2026-06-07,199.95,missing_or_wrong_item,True,3.4,False,False
771,Delhi,2026-06-03,270.08,none,False,,True,True
776,Bengaluru,2026-06-01,204.19,none,False,,True,True
777,Kolkata,2026-05-04,293.01,none,False,,True,False
782,Hyderabad,2026-06-03,454.52,address_triggered_cancellation,True,30.5,False,False
784,Mumbai,2026-05-15,605.41,address_triggered_cancellation,True,41.0,False,False
788,Bengaluru,2026-06-11,613.62,none,False,,True,True
790,Hyderabad,2026-05-23,49.7,false_delivered_status,True,88.8,False,False
791,Kolkata,2026-06-11,589.07,none,False,,True,False
794,Mumbai,2026-05-18,63.78,none,False,,True,True
796,Mumbai,2026-05-12,167.61,false_delivered_status,True,37.0,False,False
797,Kolkata,2026-06-09,137.62,none,False,,True,False
798,Hyderabad,2026-05-21,335.01,none,False,,True,False
800,Pune,2026-06-06,398.3,missing_or_wrong_item,True,19.5,False,False
801,Pune,2026-06-06,140.5,address_triggered_cancellation,True,41.7,False,False
802,Kolkata,2026-06-01,308.18,none,False,,True,True
804,Hyderabad,2026-05-09,351.64,missing_or_wrong_item,True,3.0,False,False
808,Kolkata,2026-05-31,151.15,none,False,,True,False
809,Mumbai,2026-06-28,456.72,none,False,,True,True
816,Delhi,2026-05-16,404.2,none,False,,True,False
821,Hyderabad,2026-05-26,253.51,none,False,,True,False
827,Pune,2026-06-05,254.61,none,False,,True,True
831,Kolkata,2026-06-16,274.84,address_triggered_cancellation,True,26.7,False,False
835,Delhi,2026-05-31,1030.97,none,False,,True,True
836,Hyderabad,2026-06-13,231.77,missing_or_wrong_item,True,17.0,False,False
842,Pune,2026-05-13,256.38,none,False,,True,False
844,Mumbai,2026-05-23,168.68,none,False,,True,False
848,Bengaluru,2026-06-21,165.83,none,False,,True,True
849,Mumbai,2026-06-07,415.44,none,False,,True,True
853,Mumbai,2026-05-28,313.82,missing_or_wrong_item,True,28.3,False,False
856,Bengaluru,2026-06-16,241.42,none,False,,True,True
858,Mumbai,2026-06-26,555.0,none,False,,True,True
860,Mumbai,2026-05-04,104.73,missing_or_wrong_item,True,28.0,False,True
862,Mumbai,2026-05-28,263.71,missing_or_wrong_item,True,6.7,False,False
866,Mumbai,2026-06-14,579.59,address_triggered_cancellation,True,37.4,False,False
868,Hyderabad,2026-06-23,317.71,missing_or_wrong_item,True,4.3,False,False
873,Hyderabad,2026-05-06,152.41,address_triggered_cancellation,True,33.7,False,False
875,Pune,2026-05-22,126.12,none,False,,True,True
878,Bengaluru,2026-05-08,684.7,missing_or_wrong_item,True,19.0,False,False
879,Pune,2026-05-03,189.25,none,False,,True,True
881,Kolkata,2026-05-08,157.44,none,False,,True,True
882,Kolkata,2026-06-10,516.21,false_delivered_status,True,47.2,False,False
883,Kolkata,2026-05-13,348.69,none,False,,True,True
884,Bengaluru,2026-06-01,811.21,address_triggered_cancellation,True,60.2,False,False
887,Mumbai,2026-05-10,614.39,address_triggered_cancellation,True,14.2,False,True
892,Delhi,2026-06-06,653.29,address_triggered_cancellation,True,19.8,False,False
895,Mumbai,2026-06-09,809.45,none,False,,True,True
897,Delhi,2026-05-21,340.07,none,False,,True,False
898,Bengaluru,2026-06-11,265.65,address_triggered_cancellation,True,24.5,False,False
899,Delhi,2026-05-31,101.77,none,False,,True,False
905,Pune,2026-06-18,361.94,missing_or_wrong_item,True,5.3,False,False
907,Bengaluru,2026-06-02,468.01,none,False,,True,False
908,Kolkata,2026-05-21,545.24,none,False,,True,True
913,Mumbai,2026-06-14,161.22,refund_delay_only,True,18.3,True,False
918,Mumbai,2026-05-20,742.69,false_delivered_status,True,27.0,False,True
919,Mumbai,2026-06-24,509.75,none,False,,True,False
921,Delhi,2026-05-04,363.45,none,False,,True,True
923,Kolkata,2026-06-09,523.5,none,False,,True,False
926,Delhi,2026-06-15,154.1,none,False,,True,False
929,Pune,2026-05-01,345.02,refund_delay_only,True,18.5,True,True
934,Kolkata,2026-06-17,220.13,none,False,,True,False
938,Hyderabad,2026-06-18,326.99,none,False,,True,True
939,Mumbai,2026-06-23,1118.67,none,False,,True,False
940,Bengaluru,2026-06-23,411.91,none,False,,True,False
942,Delhi,2026-06-12,324.31,none,False,,True,True
947,Delhi,2026-05-01,626.2,none,False,,True,True
948,Hyderabad,2026-06-11,385.87,none,False,,True,False
949,Mumbai,2026-05-24,100.36,none,False,,True,True
951,Kolkata,2026-06-27,152.0,none,False,,True,True
955,Delhi,2026-06-23,326.04,address_triggered_cancellation,True,30.2,False,False
959,Delhi,2026-05-15,342.4,none,False,,True,True
964,Hyderabad,2026-06-22,510.85,false_delivered_status,True,50.2,False,False
969,Pune,2026-05-02,96.36,missing_or_wrong_item,True,2.9,False,False
974,Mumbai,2026-06-20,468.72,none,False,,True,True
975,Delhi,2026-06-15,282.42,none,False,,True,False
978,Kolkata,2026-06-25,561.0,none,False,,True,True
980,Kolkata,2026-06-09,697.08,none,False,,True,False
981,Delhi,2026-05-18,241.94,none,False,,True,False
982,Pune,2026-05-31,382.73,missing_or_wrong_item,True,2.8,False,False
983,Pune,2026-05-15,846.18,address_triggered_cancellation,True,107.7,False,False
989,Delhi,2026-06-18,228.37,address_triggered_cancellation,True,46.7,False,False
991,Mumbai,2026-05-26,89.03,address_triggered_cancellation,True,45.2,False,False
994,Pune,2026-05-14,233.9,missing_or_wrong_item,True,15.8,False,False
996,Delhi,2026-06-17,299.83,address_triggered_cancellation,True,33.1,False,False
997,Mumbai,2026-06-05,16.66,none,False,,True,True
999,Pune,2026-06-20,650.72,none,False,,True,False
1006,Kolkata,2026-05-31,578.13,none,False,,True,False
1009,Delhi,2026-05-12,411.56,none,False,,True,True
1010,Hyderabad,2026-06-17,713.08,none,False,,True,True
1017,Mumbai,2026-06-15,303.02,none,False,,True,True
1023,Mumbai,2026-06-06,266.13,none,False,,True,False
1024,Mumbai,2026-06-22,553.59,refund_delay_only,True,22.7,True,False
1026,Mumbai,2026-05-11,238.49,missing_or_wrong_item,True,14.0,False,False
1031,Bengaluru,2026-06-13,192.17,none,False,,True,True
1033,Hyderabad,2026-06-09,148.74,missing_or_wrong_item,True,10.7,False,False
1034,Delhi,2026-05-28,799.05,none,False,,True,False
1038,Bengaluru,2026-06-26,257.69,refund_delay_only,True,27.2,True,False
1040,Hyderabad,2026-05-25,343.71,none,False,,True,False
1042,Kolkata,2026-05-04,172.55,missing_or_wrong_item,True,7.2,False,False
1045,Delhi,2026-06-07,301.56,address_triggered_cancellation,True,24.2,False,False
1048,Delhi,2026-06-16,102.38,address_triggered_cancellation,True,39.2,False,False
1051,Mumbai,2026-05-23,104.41,none,False,,True,False
1054,Delhi,2026-06-13,312.48,false_delivered_status,True,134.8,False,False
1055,Delhi,2026-05-13,509.46,none,False,,True,True
1057,Kolkata,2026-05-21,300.79,none,False,,True,False
1065,Bengaluru,2026-05-25,114.09,address_triggered_cancellation,True,30.0,False,False
1073,Hyderabad,2026-05-04,82.21,none,False,,True,True
1074,Delhi,2026-05-19,68.91,refund_delay_only,True,7.2,True,False
1075,Hyderabad,2026-05-09,158.33,none,False,,True,False
1076,Hyderabad,2026-05-20,160.04,missing_or_wrong_item,True,7.0,False,False
1077,Kolkata,2026-06-08,88.67,none,False,,True,False
1078,Delhi,2026-05-29,411.61,false_delivered_status,True,20.4,False,True
1079,Hyderabad,2026-06-07,377.7,none,False,,True,False
1081,Delhi,2026-05-28,111.46,missing_or_wrong_item,True,3.5,False,False
1082,Kolkata,2026-06-24,677.67,none,False,,True,True
1083,Pune,2026-06-13,339.27,none,False,,True,True
1090,Hyderabad,2026-05-10,281.36,none,False,,True,False
1092,Bengaluru,2026-05-04,432.18,none,False,,True,False
1093,Pune,2026-05-04,342.85,false_delivered_status,True,49.8,False,False
1098,Pune,2026-06-25,284.23,none,False,,True,True
1100,Mumbai,2026-06-21,198.24,none,False,,True,True
1101,Delhi,2026-06-01,381.37,none,False,,True,True
1102,Pune,2026-05-11,552.46,address_triggered_cancellation,True,14.4,False,False
1104,Delhi,2026-05-22,53.22,address_triggered_cancellation,True,22.5,False,False
1106,Delhi,2026-05-16,583.18,refund_delay_only,True,26.8,True,False
1109,Mumbai,2026-06-16,171.09,none,False,,True,True
1113,Delhi,2026-05-21,113.12,address_triggered_cancellation,True,25.6,False,True
1115,Bengaluru,2026-06-07,209.98,address_triggered_cancellation,True,42.4,False,False
1118,Delhi,2026-05-03,359.7,none,False,,True,False
1119,Hyderabad,2026-05-26,687.44,none,False,,True,False
1123,Delhi,2026-06-22,649.52,none,False,,True,True
1124,Hyderabad,2026-05-08,181.58,none,False,,True,True
1125,Mumbai,2026-05-10,353.54,none,False,,True,True
1130,Delhi,2026-05-27,657.58,refund_delay_only,True,20.6,True,False
1131,Mumbai,2026-06-21,441.88,missing_or_wrong_item,True,7.0,False,False
1134,Delhi,2026-05-17,147.25,address_triggered_cancellation,True,20.6,False,False
1135,Bengaluru,2026-05-24,74.5,missing_or_wrong_item,True,5.6,False,False
1137,Delhi,2026-06-20,440.66,none,False,,True,True
1138,Bengaluru,2026-05-04,400.57,none,False,,True,False
1139,Mumbai,2026-06-19,616.85,missing_or_wrong_item,True,3.3,False,False
1142,Delhi,2026-06-29,147.18,none,False,,True,False
1145,Mumbai,2026-05-16,110.89,none,False,,True,True
1146,Pune,2026-06-23,632.01,none,False,,True,False
1147,Delhi,2026-06-06,477.08,missing_or_wrong_item,True,1.9,False,False
1150,Pune,2026-05-07,66.48,none,False,,True,True
1153,Pune,2026-06-19,204.08,missing_or_wrong_item,True,9.8,False,False
1155,Kolkata,2026-05-03,512.34,address_triggered_cancellation,True,30.4,False,False
1159,Delhi,2026-05-03,269.13,none,False,,True,False
1164,Hyderabad,2026-05-10,340.36,none,False,,True,True
1167,Mumbai,2026-05-12,258.77,address_triggered_cancellation,True,27.8,False,False
1168,Hyderabad,2026-06-15,492.96,false_delivered_status,True,24.0,False,False
1172,Bengaluru,2026-05-19,780.18,missing_or_wrong_item,True,11.9,False,False
1176,Delhi,2026-06-12,189.18,none,False,,True,False
1178,Kolkata,2026-06-11,164.69,none,False,,True,True
1181,Mumbai,2026-05-25,190.93,missing_or_wrong_item,True,5.4,False,False
1183,Mumbai,2026-06-04,436.6,none,False,,True,False
1188,Hyderabad,2026-05-11,133.51,false_delivered_status,True,41.1,False,False
1201,Hyderabad,2026-06-07,311.85,address_triggered_cancellation,True,13.6,False,False
1205,Pune,2026-05-20,314.85,none,False,,True,True
1207,Kolkata,2026-06-01,314.85,address_triggered_cancellation,True,18.6,False,False
1210,Delhi,2026-05-18,273.14,address_triggered_cancellation,True,51.8,False,False
1213,Hyderabad,2026-05-30,322.63,missing_or_wrong_item,True,5.1,False,False
1214,Mumbai,2026-05-09,261.48,none,False,,True,False
1216,Bengaluru,2026-05-16,551.21,missing_or_wrong_item,True,12.3,False,False
1220,Delhi,2026-06-24,116.81,none,False,,True,False
1221,Kolkata,2026-06-27,140.0,missing_or_wrong_item,True,7.9,False,False
1230,Pune,2026-05-11,415.66,missing_or_wrong_item,True,7.0,False,False
1231,Bengaluru,2026-05-11,354.05,address_triggered_cancellation,True,22.0,False,False
1235,Pune,2026-05-21,483.4,none,False,,True,False
1236,Mumbai,2026-05-06,143.96,none,False,,True,False
1237,Pune,2026-05-17,361.63,none,False,,True,False
1238,Kolkata,2026-06-20,283.67,address_triggered_cancellation,True,31.6,False,False
1239,Bengaluru,2026-05-22,919.06,missing_or_wrong_item,True,7.1,False,False
1242,Mumbai,2026-05-14,404.59,none,False,,True,False
1251,Hyderabad,2026-05-25,203.66,missing_or_wrong_item,True,3.9,False,False
1254,Delhi,2026-05-18,132.54,missing_or_wrong_item,True,13.4,False,False
1257,Hyderabad,2026-06-02,391.71,none,False,,True,False
1259,Mumbai,2026-05-09,505.23,none,False,,True,True
1260,Delhi,2026-05-03,200.99,refund_delay_only,True,9.5,True,False
1261,Bengaluru,2026-06-04,267.24,missing_or_wrong_item,True,16.7,False,False
1265,Pune,2026-05-01,186.48,none,False,,True,False
1266,Bengaluru,2026-05-12,253.58,address_triggered_cancellation,True,26.5,False,False
1268,Pune,2026-05-30,548.62,address_triggered_cancellation,True,6.2,False,False
1272,Hyderabad,2026-05-25,319.32,refund_delay_only,True,18.9,True,False
1273,Bengaluru,2026-05-15,540.85,refund_delay_only,True,13.0,True,False
1279,Kolkata,2026-05-27,647.7,none,False,,True,False
1280,Pune,2026-06-19,46.54,false_delivered_status,True,19.9,False,False
1282,Hyderabad,2026-06-29,397.23,address_triggered_cancellation,True,32.2,False,False
1283,Delhi,2026-06-08,616.94,address_triggered_cancellation,True,19.2,False,False
1288,Hyderabad,2026-06-20,705.37,refund_delay_only,True,8.3,True,False
1289,Bengaluru,2026-06-23,484.06,missing_or_wrong_item,True,26.0,False,False
1294,Mumbai,2026-06-05,192.88,missing_or_wrong_item,True,2.4,False,False
1296,Mumbai,2026-06-21,363.23,missing_or_wrong_item,True,7.0,False,False
1305,Hyderabad,2026-05-19,107.26,none,False,,True,True
1310,Delhi,2026-05-13,396.83,none,False,,True,False
1311,Delhi,2026-06-24,94.73,none,False,,True,False
1312,Mumbai,2026-06-24,539.35,none,False,,True,True
1316,Kolkata,2026-06-29,112.12,none,False,,True,False
1317,Pune,2026-05-27,133.26,none,False,,True,True
1322,Hyderabad,2026-06-12,396.07,none,False,,True,False
1323,Mumbai,2026-05-22,495.35,none,False,,True,True
1324,Kolkata,2026-05-06,154.75,none,False,,True,False
1326,Hyderabad,2026-05-31,398.78,missing_or_wrong_item,True,8.4,False,False
1328,Bengaluru,2026-05-31,135.97,none,False,,True,True
1330,Mumbai,2026-05-18,204.64,none,False,,True,True
1331,Kolkata,2026-05-30,210.28,none,False,,True,False
1332,Hyderabad,2026-05-23,363.11,address_triggered_cancellation,True,34.9,False,False
1336,Bengaluru,2026-06-12,354.33,missing_or_wrong_item,True,9.0,False,False
1338,Mumbai,2026-05-30,222.12,missing_or_wrong_item,True,1.1,False,False
1339,Mumbai,2026-05-02,625.47,address_triggered_cancellation,True,74.7,False,False
1340,Kolkata,2026-06-18,214.19,none,False,,True,False
1341,Delhi,2026-06-10,60.6,none,False,,True,True
1342,Kolkata,2026-06-16,661.19,none,False,,True,True
1344,Pune,2026-06-02,145.92,none,False,,True,False
1348,Delhi,2026-06-11,683.29,missing_or_wrong_item,True,6.7,False,False
1349,Kolkata,2026-06-10,254.13,missing_or_wrong_item,True,8.8,False,False
1350,Mumbai,2026-05-09,107.01,refund_delay_only,True,12.0,True,True
1351,Delhi,2026-05-29,565.74,missing_or_wrong_item,True,15.4,False,False
1353,Kolkata,2026-06-11,473.44,missing_or_wrong_item,True,12.1,False,False
1355,Mumbai,2026-06-29,223.65,address_triggered_cancellation,True,24.6,False,False
1357,Pune,2026-06-12,282.24,none,False,,True,False
1363,Mumbai,2026-05-16,324.85,refund_delay_only,True,8.3,True,False
1365,Bengaluru,2026-05-20,187.15,none,False,,True,True
1366,Kolkata,2026-06-20,330.24,missing_or_wrong_item,True,8.9,False,False
1367,Delhi,2026-05-19,909.27,refund_delay_only,True,42.4,True,False
1369,Mumbai,2026-06-11,318.87,refund_delay_only,True,21.6,True,False
1370,Hyderabad,2026-05-13,291.61,none,False,,True,False
1371,Delhi,2026-06-17,604.67,none,False,,True,True
1373,Kolkata,2026-05-12,182.65,missing_or_wrong_item,True,4.5,False,False
1375,Mumbai,2026-06-27,216.74,none,False,,True,True
1380,Hyderabad,2026-05-20,596.52,address_triggered_cancellation,True,30.4,False,False
1381,Mumbai,2026-06-07,203.46,none,False,,True,True
1382,Pune,2026-06-27,333.28,none,False,,True,False
1383,Kolkata,2026-06-17,938.14,false_delivered_status,True,27.4,False,False
1388,Pune,2026-05-15,204.83,none,False,,True,True
1391,Kolkata,2026-05-09,546.81,refund_delay_only,True,39.5,True,False
1392,Pune,2026-06-21,1109.95,none,False,,True,True
1394,Delhi,2026-05-27,304.6,address_triggered_cancellation,True,19.1,False,False
1395,Bengaluru,2026-06-16,259.62,missing_or_wrong_item,True,7.0,False,False
1400,Hyderabad,2026-06-20,346.58,none,False,,True,True
1404,Pune,2026-05-05,200.23,none,False,,True,False
1405,Mumbai,2026-05-14,328.01,none,False,,True,True
1407,Bengaluru,2026-05-10,162.23,none,False,,True,True
1408,Mumbai,2026-05-29,340.15,none,False,,True,False
1410,Bengaluru,2026-06-28,263.42,none,False,,True,False
1415,Hyderabad,2026-05-30,710.14,address_triggered_cancellation,True,62.3,False,False
1416,Hyderabad,2026-05-04,291.95,none,False,,True,False
1417,Hyderabad,2026-05-22,67.92,none,False,,True,False
1419,Mumbai,2026-05-08,158.59,refund_delay_only,True,18.3,True,False
1420,Delhi,2026-05-31,415.47,missing_or_wrong_item,True,6.6,False,False
1422,Kolkata,2026-06-14,345.5,none,False,,True,False
1423,Mumbai,2026-05-15,158.06,none,False,,True,True
1426,Hyderabad,2026-06-27,609.66,address_triggered_cancellation,True,87.7,False,False
1430,Delhi,2026-05-25,472.32,none,False,,True,True
1439,Delhi,2026-05-29,147.68,none,False,,True,True
1441,Kolkata,2026-06-17,100.47,none,False,,True,True
1444,Kolkata,2026-05-17,475.9,none,False,,True,True
1445,Kolkata,2026-05-01,241.98,none,False,,True,False
1447,Mumbai,2026-05-07,417.81,false_delivered_status,True,93.6,False,False
1453,Delhi,2026-06-29,78.49,none,False,,True,True
1454,Bengaluru,2026-06-26,489.76,refund_delay_only,True,14.8,True,False
1457,Delhi,2026-05-25,152.4,address_triggered_cancellation,True,15.6,False,False
1461,Hyderabad,2026-06-05,446.22,none,False,,True,True
1463,Kolkata,2026-06-18,248.62,address_triggered_cancellation,True,24.7,False,False
1466,Pune,2026-05-09,271.01,refund_delay_only,True,13.1,True,False
1467,Bengaluru,2026-06-11,462.61,address_triggered_cancellation,True,29.7,False,False
1468,Delhi,2026-05-19,406.52,none,False,,True,True
1470,Pune,2026-06-17,153.45,address_triggered_cancellation,True,29.8,False,False
1472,Kolkata,2026-06-23,211.23,none,False,,True,False
1473,Delhi,2026-05-17,365.6,none,False,,True,False
1474,Hyderabad,2026-05-18,243.95,none,False,,True,False
1475,Pune,2026-05-04,380.11,none,False,,True,False
1480,Bengaluru,2026-05-23,390.67,none,False,,True,False
1482,Hyderabad,2026-05-03,503.76,none,False,,True,True
1484,Bengaluru,2026-06-07,405.85,none,False,,True,True
1486,Pune,2026-05-03,337.5,address_triggered_cancellation,True,28.5,False,False
1496,Bengaluru,2026-05-26,257.98,none,False,,True,True
1498,Pune,2026-05-19,785.33,refund_delay_only,True,26.3,True,False
1499,Hyderabad,2026-05-08,136.21,none,False,,True,False
1500,Mumbai,2026-06-10,111.31,address_triggered_cancellation,True,50.9,False,False
1502,Hyderabad,2026-05-08,109.55,address_triggered_cancellation,True,37.8,False,True
1505,Delhi,2026-06-07,380.81,none,False,,True,True
1507,Hyderabad,2026-06-02,299.4,missing_or_wrong_item,True,16.4,False,False
1518,Kolkata,2026-05-03,326.58,false_delivered_status,True,40.8,False,False
1519,Delhi,2026-05-13,263.01,none,False,,True,True
1524,Delhi,2026-05-30,508.58,missing_or_wrong_item,True,12.9,False,True
1530,Pune,2026-05-10,360.82,missing_or_wrong_item,True,3.8,False,False
1532,Pune,2026-06-02,300.77,none,False,,True,False
1533,Bengaluru,2026-06-16,451.27,none,False,,True,False
1534,Hyderabad,2026-06-15,618.26,none,False,,True,True
1535,Pune,2026-05-13,54.88,missing_or_wrong_item,True,8.2,False,False
1536,Mumbai,2026-06-09,254.87,none,False,,True,True
1538,Mumbai,2026-05-16,277.61,none,False,,True,False
1546,Kolkata,2026-05-29,345.28,none,False,,True,False
1547,Pune,2026-05-07,265.29,none,False,,True,True
1549,Pune,2026-05-21,82.48,missing_or_wrong_item,True,11.1,False,False
1553,Hyderabad,2026-05-27,293.2,missing_or_wrong_item,True,8.9,False,False
1557,Pune,2026-06-13,650.88,none,False,,True,True
1558,Kolkata,2026-06-22,547.07,none,False,,True,False
1559,Kolkata,2026-06-10,466.94,refund_delay_only,True,9.8,True,False
1560,Bengaluru,2026-06-23,224.6,address_triggered_cancellation,True,35.2,False,False
1561,Hyderabad,2026-06-09,569.89,none,False,,True,True
1565,Bengaluru,2026-05-17,209.75,refund_delay_only,True,17.5,True,False
1567,Pune,2026-06-23,739.21,missing_or_wrong_item,True,7.1,False,False
1568,Delhi,2026-06-10,445.22,refund_delay_only,True,7.1,True,False
1569,Kolkata,2026-05-09,235.5,missing_or_wrong_item,True,25.3,False,False
1572,Delhi,2026-05-07,227.07,none,False,,True,False
1576,Kolkata,2026-06-05,442.18,none,False,,True,True
1583,Hyderabad,2026-06-08,570.1,none,False,,True,False
1589,Pune,2026-05-31,355.66,false_delivered_status,True,22.4,False,False
1590,Mumbai,2026-05-03,372.47,none,False,,True,True
1592,Hyderabad,2026-06-17,144.42,none,False,,True,True
1593,Delhi,2026-05-13,256.08,missing_or_wrong_item,True,5.6,False,False
1594,Kolkata,2026-05-10,376.94,none,False,,True,False
1600,Delhi,2026-06-06,125.51,none,False,,True,True
1602,Pune,2026-05-28,700.72,missing_or_wrong_item,True,12.3,False,False
1603,Hyderabad,2026-06-21,77.9,false_delivered_status,True,101.9,False,False
1604,Delhi,2026-05-16,518.13,none,False,,True,True
1618,Pune,2026-05-05,261.05,refund_delay_only,True,24.7,True,False
1619,Bengaluru,2026-05-10,125.75,false_delivered_status,True,34.6,False,False
1620,Pune,2026-06-27,234.44,none,False,,True,True
1623,Pune,2026-05-19,434.91,false_delivered_status,True,19.7,False,False
1629,Mumbai,2026-05-31,275.58,missing_or_wrong_item,True,11.0,False,False
1633,Pune,2026-05-29,386.27,none,False,,True,False
1641,Kolkata,2026-05-18,158.89,refund_delay_only,True,12.4,True,False
1646,Mumbai,2026-05-19,230.07,missing_or_wrong_item,True,3.7,False,True
1651,Mumbai,2026-06-10,368.56,none,False,,True,True
1655,Bengaluru,2026-06-24,567.29,address_triggered_cancellation,True,12.3,False,False
1656,Delhi,2026-06-15,392.96,none,False,,True,True
1657,Kolkata,2026-05-06,507.75,missing_or_wrong_item,True,10.7,False,False
1664,Hyderabad,2026-05-16,768.82,none,False,,True,False
1665,Kolkata,2026-05-07,84.41,none,False,,True,True
1666,Bengaluru,2026-06-19,392.62,address_triggered_cancellation,True,61.9,False,False
1672,Mumbai,2026-06-24,371.69,address_triggered_cancellation,True,19.0,False,False
1675,Bengaluru,2026-05-16,295.66,none,False,,True,False
1676,Kolkata,2026-06-28,465.79,missing_or_wrong_item,True,18.8,False,False
1678,Kolkata,2026-06-14,335.28,none,False,,True,True
1680,Kolkata,2026-05-14,372.56,none,False,,True,True
1684,Pune,2026-06-08,241.8,none,False,,True,False
1688,Pune,2026-05-27,253.51,address_triggered_cancellation,True,37.6,False,False
1690,Kolkata,2026-05-27,597.82,none,False,,True,True
1691,Bengaluru,2026-06-13,311.07,address_triggered_cancellation,True,18.0,False,False
1694,Hyderabad,2026-06-17,308.96,refund_delay_only,True,15.9,True,False
1695,Hyderabad,2026-06-24,186.81,refund_delay_only,True,22.4,True,False
1700,Bengaluru,2026-06-09,293.9,none,False,,True,False
1702,Kolkata,2026-06-18,471.54,none,False,,True,False
1703,Bengaluru,2026-05-23,91.46,false_delivered_status,True,70.0,False,False
1706,Kolkata,2026-05-04,686.84,missing_or_wrong_item,True,7.4,False,False
1707,Hyderabad,2026-05-05,336.08,none,False,,True,False
1711,Bengaluru,2026-05-11,782.51,refund_delay_only,True,16.3,True,False
1713,Kolkata,2026-05-15,235.58,address_triggered_cancellation,True,44.7,False,False
1715,Kolkata,2026-05-12,83.78,missing_or_wrong_item,True,4.0,False,False
1717,Hyderabad,2026-06-03,227.59,missing_or_wrong_item,True,20.6,False,False
1719,Pune,2026-06-15,187.76,address_triggered_cancellation,True,37.7,False,False
1720,Mumbai,2026-06-28,207.39,none,False,,True,False
1722,Bengaluru,2026-06-13,137.57,none,False,,True,True
1725,Kolkata,2026-05-10,211.51,none,False,,True,False
1726,Mumbai,2026-05-10,247.93,none,False,,True,False
1731,Bengaluru,2026-05-28,470.83,none,False,,True,False
1738,Hyderabad,2026-06-20,309.14,refund_delay_only,True,36.4,True,False
1739,Mumbai,2026-05-08,440.06,refund_delay_only,True,22.1,True,False
1740,Pune,2026-05-21,361.67,none,False,,True,True
1741,Hyderabad,2026-06-26,201.46,none,False,,True,True
1744,Kolkata,2026-05-21,328.73,address_triggered_cancellation,True,22.8,False,False
1746,Bengaluru,2026-06-23,248.73,address_triggered_cancellation,True,66.8,False,False
1747,Kolkata,2026-06-09,260.48,false_delivered_status,True,70.3,False,False
1748,Pune,2026-05-19,716.46,none,False,,True,True
1752,Kolkata,2026-06-13,128.06,missing_or_wrong_item,True,13.6,False,False
1757,Kolkata,2026-05-24,374.32,refund_delay_only,True,23.3,True,False
1759,Delhi,2026-06-21,286.48,address_triggered_cancellation,True,64.1,False,False
1765,Bengaluru,2026-05-28,361.85,none,False,,True,True
1768,Mumbai,2026-05-25,866.99,missing_or_wrong_item,True,5.3,False,True
1771,Pune,2026-06-24,606.43,missing_or_wrong_item,True,13.5,False,False
1774,Mumbai,2026-06-09,268.29,none,False,,True,False
1777,Kolkata,2026-06-29,181.91,address_triggered_cancellation,True,10.3,False,False
1782,Kolkata,2026-06-06,481.16,missing_or_wrong_item,True,6.3,False,False
1785,Kolkata,2026-05-22,82.34,none,False,,True,False
1786,Hyderabad,2026-06-02,566.35,none,False,,True,True
1793,Delhi,2026-06-26,382.55,none,False,,True,False
1794,Delhi,2026-05-19,320.11,address_triggered_cancellation,True,33.4,False,False
1795,Kolkata,2026-06-04,490.61,none,False,,True,True
1798,Delhi,2026-05-20,211.75,none,False,,True,True
1799,Delhi,2026-06-01,269.36,address_triggered_cancellation,True,67.6,False,False
1804,Hyderabad,2026-05-16,217.03,none,False,,True,True
1806,Mumbai,2026-06-17,225.44,none,False,,True,True
1807,Pune,2026-06-19,398.89,none,False,,True,False
1808,Hyderabad,2026-06-01,272.21,missing_or_wrong_item,True,2.7,False,False
1810,Kolkata,2026-05-04,256.73,address_triggered_cancellation,True,35.4,False,False
1818,Delhi,2026-06-12,233.52,missing_or_wrong_item,True,17.5,False,False
1821,Delhi,2026-06-11,358.7,address_triggered_cancellation,True,41.2,False,False
1825,Delhi,2026-06-14,347.13,none,False,,True,False
1826,Pune,2026-05-20,203.43,refund_delay_only,True,44.0,True,False
1827,Delhi,2026-05-09,503.57,missing_or_wrong_item,True,7.6,False,False
1831,Mumbai,2026-05-31,253.92,false_delivered_status,True,89.8,False,False
1834,Bengaluru,2026-06-01,338.14,address_triggered_cancellation,True,12.6,False,False
1837,Delhi,2026-05-25,752.37,missing_or_wrong_item,True,29.5,False,False
1838,Bengaluru,2026-06-09,329.54,address_triggered_cancellation,True,74.7,False,False
1840,Mumbai,2026-05-31,605.29,missing_or_wrong_item,True,1.9,False,False
1841,Hyderabad,2026-05-23,1263.18,none,False,,True,False
1842,Bengaluru,2026-05-27,441.38,none,False,,True,False
1843,Delhi,2026-05-19,307.24,address_triggered_cancellation,True,42.8,False,False
1844,Pune,2026-05-07,144.85,missing_or_wrong_item,True,6.9,False,False
1847,Delhi,2026-06-05,152.48,none,False,,True,True
1848,Pune,2026-06-15,148.46,none,False,,True,True
1854,Bengaluru,2026-06-14,138.36,address_triggered_cancellation,True,91.5,False,False
1857,Delhi,2026-06-12,173.05,address_triggered_cancellation,True,72.6,False,False
1860,Delhi,2026-06-22,274.17,none,False,,True,False
1861,Mumbai,2026-05-28,448.49,refund_delay_only,True,8.8,True,False
1862,Mumbai,2026-05-27,204.43,none,False,,True,True
1863,Mumbai,2026-06-16,509.37,none,False,,True,False
1866,Delhi,2026-06-20,348.49,none,False,,True,False
1868,Delhi,2026-05-27,290.57,none,False,,True,False
1870,Mumbai,2026-06-18,275.64,none,False,,True,False
1872,Pune,2026-06-17,766.26,none,False,,True,True
1875,Mumbai,2026-05-05,80.54,none,False,,True,True
1877,Kolkata,2026-05-06,389.07,address_triggered_cancellation,True,39.5,False,False
1878,Delhi,2026-06-01,136.68,missing_or_wrong_item,True,7.3,False,False
1883,Hyderabad,2026-05-05,293.77,none,False,,True,True
1887,Delhi,2026-06-15,189.81,address_triggered_cancellation,True,23.0,False,False
1892,Mumbai,2026-05-17,286.81,missing_or_wrong_item,True,22.9,False,False
1893,Kolkata,2026-06-21,452.24,none,False,,True,False
1898,Bengaluru,2026-05-29,275.07,none,False,,True,False
1899,Pune,2026-05-23,268.29,none,False,,True,True
1902,Hyderabad,2026-05-08,108.59,none,False,,True,False
1904,Mumbai,2026-05-01,160.57,missing_or_wrong_item,True,3.9,False,False
1905,Mumbai,2026-06-04,195.74,none,False,,True,False
1906,Mumbai,2026-06-27,186.19,none,False,,True,False
1908,Pune,2026-05-23,458.16,none,False,,True,True
1913,Delhi,2026-05-24,339.31,none,False,,True,True
1914,Bengaluru,2026-06-01,121.68,none,False,,True,False
1915,Bengaluru,2026-06-06,232.19,address_triggered_cancellation,True,57.6,False,False
1917,Delhi,2026-06-09,246.74,missing_or_wrong_item,True,17.3,False,False
1918,Delhi,2026-05-29,242.78,none,False,,True,False
1919,Mumbai,2026-05-15,131.37,none,False,,True,True
1920,Mumbai,2026-05-06,125.39,none,False,,True,True
1922,Bengaluru,2026-05-06,191.05,none,False,,True,True
1923,Hyderabad,2026-05-30,244.02,none,False,,True,False
1929,Pune,2026-05-14,426.64,none,False,,True,False
1930,Mumbai,2026-05-22,585.89,refund_delay_only,True,36.0,True,False
1933,Mumbai,2026-06-29,187.38,none,False,,True,True
1935,Bengaluru,2026-06-06,439.01,none,False,,True,True
1943,Bengaluru,2026-05-08,311.23,none,False,,True,True
1944,Mumbai,2026-06-09,296.29,none,False,,True,True
1954,Pune,2026-06-23,43.12,address_triggered_cancellation,True,14.6,False,False
1955,Delhi,2026-06-17,563.73,address_triggered_cancellation,True,27.4,False,False
1964,Mumbai,2026-05-18,183.81,missing_or_wrong_item,True,2.8,False,True
1967,Pune,2026-05-26,375.0,missing_or_wrong_item,True,14.6,False,False
1971,Kolkata,2026-05-03,626.82,none,False,,True,True
1973,Kolkata,2026-06-13,192.49,none,False,,True,True
1976,Delhi,2026-06-08,517.79,missing_or_wrong_item,True,13.7,False,False
1979,Pune,2026-05-04,103.31,missing_or_wrong_item,True,0.8,False,False
1980,Mumbai,2026-05-20,336.26,none,False,,True,False
1982,Bengaluru,2026-05-06,630.0,refund_delay_only,True,17.6,True,False
1984,Delhi,2026-06-06,198.65,false_delivered_status,True,29.3,False,False
1986,Delhi,2026-05-19,299.84,none,False,,True,False
1987,Delhi,2026-06-04,234.21,false_delivered_status,True,28.3,False,False
1988,Delhi,2026-06-19,449.96,none,False,,True,True
1992,Bengaluru,2026-05-31,492.75,address_triggered_cancellation,True,50.2,False,False
1999,Pune,2026-05-20,350.11,none,False,,True,False
2001,Mumbai,2026-06-29,146.93,missing_or_wrong_item,True,18.3,False,False
2003,Pune,2026-06-06,253.68,none,False,,True,False
2004,Mumbai,2026-05-27,121.8,missing_or_wrong_item,True,2.2,False,False
2007,Hyderabad,2026-06-02,264.28,none,False,,True,True
2009,Kolkata,2026-05-20,161.69,address_triggered_cancellation,True,48.1,False,False
2011,Kolkata,2026-05-02,240.23,refund_delay_only,True,16.1,True,False
2013,Pune,2026-06-25,826.55,address_triggered_cancellation,True,21.9,False,False
2014,Delhi,2026-06-24,502.93,none,False,,True,True
2021,Delhi,2026-06-21,236.66,address_triggered_cancellation,True,53.2,False,False
2022,Delhi,2026-05-09,371.32,none,False,,True,True
2023,Bengaluru,2026-06-09,361.9,none,False,,True,False
2024,Kolkata,2026-06-09,249.36,address_triggered_cancellation,True,39.9,False,False
2025,Pune,2026-05-18,155.48,refund_delay_only,True,30.9,True,False
2027,Bengaluru,2026-06-19,362.35,none,False,,True,True
2033,Delhi,2026-06-13,465.28,false_delivered_status,True,84.9,False,False
2034,Hyderabad,2026-06-14,497.74,missing_or_wrong_item,True,9.7,False,False
2035,Mumbai,2026-05-29,145.68,none,False,,True,True
2038,Mumbai,2026-06-29,607.89,none,False,,True,True
2045,Delhi,2026-05-25,505.6,false_delivered_status,True,21.6,False,False
2049,Delhi,2026-05-18,611.64,false_delivered_status,True,42.4,False,False
2050,Delhi,2026-05-21,83.14,none,False,,True,True
2052,Delhi,2026-06-07,325.72,false_delivered_status,True,47.5,False,False
2057,Kolkata,2026-05-26,385.16,none,False,,True,True
2058,Kolkata,2026-06-09,538.67,refund_delay_only,True,32.2,True,False
2060,Delhi,2026-06-02,260.15,address_triggered_cancellation,True,47.4,False,False
2063,Hyderabad,2026-05-26,220.64,missing_or_wrong_item,True,5.8,False,False
2071,Mumbai,2026-05-28,662.59,none,False,,True,False
2073,Hyderabad,2026-06-28,379.39,refund_delay_only,True,12.3,True,False
2076,Bengaluru,2026-06-01,445.27,address_triggered_cancellation,True,17.9,False,False
2077,Kolkata,2026-06-10,46.76,none,False,,True,True
2079,Pune,2026-05-09,554.14,none,False,,True,True
2082,Delhi,2026-05-19,172.39,none,False,,True,False
2085,Mumbai,2026-05-12,348.98,none,False,,True,False
2086,Pune,2026-05-03,291.86,refund_delay_only,True,40.5,True,False
2087,Bengaluru,2026-06-18,491.95,none,False,,True,True
2095,Hyderabad,2026-06-07,122.1,none,False,,True,True
2096,Pune,2026-05-23,280.44,address_triggered_cancellation,True,48.3,False,False
2100,Delhi,2026-05-15,249.56,none,False,,True,True
2101,Mumbai,2026-05-08,243.07,none,False,,True,False
2102,Kolkata,2026-05-20,227.13,none,False,,True,False
2104,Kolkata,2026-05-06,637.16,none,False,,True,True
2108,Pune,2026-06-16,1206.6,refund_delay_only,True,9.8,True,False
2110,Bengaluru,2026-05-04,132.05,refund_delay_only,True,16.1,True,False
2111,Delhi,2026-05-22,543.23,none,False,,True,False
2112,Pune,2026-05-16,227.93,missing_or_wrong_item,True,8.2,False,False
2118,Kolkata,2026-05-02,515.32,none,False,,True,True
2119,Kolkata,2026-05-23,471.25,address_triggered_cancellation,True,26.5,False,False
2120,Hyderabad,2026-05-19,309.96,none,False,,True,True
2124,Pune,2026-06-22,290.59,address_triggered_cancellation,True,33.2,False,False
2125,Hyderabad,2026-06-19,190.09,missing_or_wrong_item,True,16.9,False,False
2126,Kolkata,2026-06-03,113.97,address_triggered_cancellation,True,54.8,False,False
2129,Mumbai,2026-05-14,164.25,none,False,,True,False
2130,Pune,2026-05-28,350.28,none,False,,True,True
2132,Pune,2026-05-24,179.21,false_delivered_status,True,24.7,False,False
2134,Delhi,2026-05-21,435.46,none,False,,True,False
2135,Delhi,2026-05-17,521.97,none,False,,True,False
2140,Pune,2026-05-16,499.38,missing_or_wrong_item,True,1.5,False,True
2148,Pune,2026-05-11,464.03,refund_delay_only,True,29.1,True,False
2149,Bengaluru,2026-05-31,109.11,false_delivered_status,True,42.3,False,False
2152,Pune,2026-05-19,473.26,false_delivered_status,True,67.9,False,False
2154,Hyderabad,2026-05-08,84.45,address_triggered_cancellation,True,54.1,False,False
2159,Delhi,2026-06-25,426.41,false_delivered_status,True,19.3,False,False
2160,Kolkata,2026-06-25,276.38,missing_or_wrong_item,True,12.5,False,False
2162,Bengaluru,2026-05-18,597.13,none,False,,True,True
2166,Bengaluru,2026-05-24,162.29,none,False,,True,False
2169,Hyderabad,2026-06-13,906.1,none,False,,True,False
2170,Kolkata,2026-05-30,113.87,refund_delay_only,True,14.8,True,False
2172,Bengaluru,2026-05-08,169.49,address_triggered_cancellation,True,41.4,False,False
2174,Bengaluru,2026-05-23,631.78,missing_or_wrong_item,True,7.9,False,False
2175,Bengaluru,2026-05-11,327.95,none,False,,True,True
2180,Hyderabad,2026-05-10,227.72,none,False,,True,True
2182,Hyderabad,2026-05-28,398.68,none,False,,True,True
2187,Delhi,2026-05-28,298.89,none,False,,True,False
2193,Bengaluru,2026-06-13,521.7,missing_or_wrong_item,True,9.5,False,False
2196,Mumbai,2026-06-08,284.04,missing_or_wrong_item,True,18.7,False,True
2198,Mumbai,2026-05-10,223.17,none,False,,True,False
2200,Mumbai,2026-06-19,396.74,none,False,,True,False
2201,Hyderabad,2026-06-13,771.84,none,False,,True,True
2203,Pune,2026-05-15,392.72,false_delivered_status,True,55.1,False,False
2205,Delhi,2026-05-12,203.97,missing_or_wrong_item,True,3.8,False,False
2207,Hyderabad,2026-05-24,280.95,none,False,,True,True
2211,Hyderabad,2026-05-21,587.05,missing_or_wrong_item,True,21.6,False,False
2216,Kolkata,2026-06-06,363.6,refund_delay_only,True,22.4,True,False
2220,Mumbai,2026-06-09,472.38,address_triggered_cancellation,True,15.4,False,False
2221,Mumbai,2026-05-15,370.39,missing_or_wrong_item,True,5.1,False,False
2222,Pune,2026-05-31,281.86,none,False,,True,False
2223,Hyderabad,2026-06-22,1111.85,address_triggered_cancellation,True,29.4,False,False
2225,Hyderabad,2026-06-06,116.83,refund_delay_only,True,35.6,True,False
2227,Mumbai,2026-06-15,424.08,none,False,,True,False
2230,Bengaluru,2026-05-17,347.66,none,False,,True,False
2231,Mumbai,2026-06-14,572.88,none,False,,True,False
2232,Delhi,2026-06-08,378.9,address_triggered_cancellation,True,35.2,False,False
2233,Kolkata,2026-05-18,505.39,none,False,,True,False
2234,Hyderabad,2026-05-27,267.26,missing_or_wrong_item,True,7.8,False,False
2238,Bengaluru,2026-06-13,413.93,none,False,,True,True
2243,Pune,2026-06-09,371.57,none,False,,True,False
2247,Mumbai,2026-06-20,351.55,none,False,,True,False
2252,Bengaluru,2026-05-03,381.98,refund_delay_only,True,24.4,True,False
2253,Hyderabad,2026-06-02,330.56,false_delivered_status,True,35.7,False,False
2257,Delhi,2026-05-04,420.82,missing_or_wrong_item,True,19.7,False,False
2258,Kolkata,2026-06-27,289.33,none,False,,True,True
2259,Kolkata,2026-06-02,214.12,address_triggered_cancellation,True,49.8,False,False
2260,Mumbai,2026-06-11,441.08,none,False,,True,False
2261,Hyderabad,2026-06-21,388.35,none,False,,True,True
2263,Mumbai,2026-05-19,184.41,none,False,,True,True
2266,Pune,2026-06-08,287.0,none,False,,True,True
2267,Kolkata,2026-06-10,164.28,none,False,,True,True
2269,Bengaluru,2026-06-21,598.25,address_triggered_cancellation,True,35.7,False,False
2272,Hyderabad,2026-06-23,515.1,missing_or_wrong_item,True,8.4,False,False
2274,Bengaluru,2026-05-15,173.37,missing_or_wrong_item,True,17.9,False,False
2275,Kolkata,2026-05-04,644.81,none,False,,True,False
2276,Hyderabad,2026-05-25,390.34,none,False,,True,True
2277,Mumbai,2026-05-16,308.83,none,False,,True,False
2279,Pune,2026-06-29,355.59,none,False,,True,False
2286,Bengaluru,2026-06-08,553.22,none,False,,True,True
2291,Pune,2026-06-03,108.38,missing_or_wrong_item,True,12.8,False,False
2295,Pune,2026-06-19,558.15,false_delivered_status,True,38.6,False,False
2296,Pune,2026-06-27,419.84,missing_or_wrong_item,True,13.8,False,False
2297,Pune,2026-06-15,338.53,address_triggered_cancellation,True,43.2,False,False
2299,Kolkata,2026-06-04,313.49,none,False,,True,True
2307,Kolkata,2026-05-25,413.15,refund_delay_only,True,17.3,True,False
2308,Delhi,2026-05-25,220.1,address_triggered_cancellation,True,37.0,False,False
2309,Delhi,2026-06-05,813.95,missing_or_wrong_item,True,1.2,False,False
2311,Hyderabad,2026-06-14,284.23,none,False,,True,False
2312,Kolkata,2026-05-24,733.43,none,False,,True,False
2318,Mumbai,2026-06-03,116.67,none,False,,True,False
2323,Kolkata,2026-05-21,354.03,address_triggered_cancellation,True,21.7,False,False
2325,Delhi,2026-06-03,306.12,missing_or_wrong_item,True,23.6,False,False
2330,Pune,2026-05-21,334.58,missing_or_wrong_item,True,8.4,False,False
2332,Delhi,2026-05-21,229.51,none,False,,True,True
2333,Pune,2026-06-01,155.79,none,False,,True,False
2335,Pune,2026-06-12,411.41,none,False,,True,True
2342,Bengaluru,2026-06-02,158.28,none,False,,True,False
2347,Hyderabad,2026-06-17,190.74,none,False,,True,False
2351,Pune,2026-05-25,184.73,none,False,,True,True
2357,Mumbai,2026-05-20,209.55,none,False,,True,False
2362,Bengaluru,2026-05-25,526.01,address_triggered_cancellation,True,6.6,False,False
2363,Hyderabad,2026-05-07,239.55,missing_or_wrong_item,True,21.4,False,False
2368,Mumbai,2026-06-07,246.63,false_delivered_status,True,63.5,False,False
2369,Delhi,2026-05-14,864.61,address_triggered_cancellation,True,52.1,False,False
2373,Delhi,2026-06-09,105.24,address_triggered_cancellation,True,29.9,False,False
2377,Pune,2026-05-24,85.86,none,False,,True,True
2378,Mumbai,2026-05-02,268.32,none,False,,True,False
2380,Hyderabad,2026-05-27,532.14,none,False,,True,True
2383,Mumbai,2026-05-30,523.2,none,False,,True,False
2384,Mumbai,2026-05-03,96.55,none,False,,True,False
2386,Mumbai,2026-05-18,457.33,false_delivered_status,True,71.8,False,False
2388,Pune,2026-05-29,956.68,address_triggered_cancellation,True,32.0,False,False
2391,Kolkata,2026-06-01,230.07,none,False,,True,True
2393,Bengaluru,2026-06-26,479.14,none,False,,True,True
2394,Hyderabad,2026-05-09,153.51,none,False,,True,True
2395,Kolkata,2026-05-26,362.36,none,False,,True,False
2399,Mumbai,2026-05-17,19.3,none,False,,True,False
2400,Bengaluru,2026-06-02,294.15,none,False,,True,False
2401,Pune,2026-06-11,413.47,false_delivered_status,True,31.0,False,True
2407,Mumbai,2026-06-04,744.83,address_triggered_cancellation,True,30.5,False,False
2410,Mumbai,2026-06-27,240.4,missing_or_wrong_item,True,0.7,False,True
2411,Delhi,2026-05-09,409.37,none,False,,True,True
2412,Bengaluru,2026-05-08,222.03,none,False,,True,True
2413,Kolkata,2026-06-19,143.52,none,False,,True,True
2414,Kolkata,2026-05-05,897.94,address_triggered_cancellation,True,19.3,False,False
2415,Delhi,2026-05-26,361.62,none,False,,True,True
2419,Delhi,2026-05-13,504.53,none,False,,True,False
2421,Hyderabad,2026-06-22,300.39,none,False,,True,True
2423,Delhi,2026-05-10,115.4,missing_or_wrong_item,True,15.6,False,False
2426,Pune,2026-05-25,264.01,refund_delay_only,True,8.7,True,False
2429,Kolkata,2026-05-01,294.4,missing_or_wrong_item,True,8.0,False,False
2432,Delhi,2026-05-12,296.26,false_delivered_status,True,35.0,False,True
2436,Bengaluru,2026-06-25,376.09,missing_or_wrong_item,True,19.6,False,False
2443,Mumbai,2026-05-07,297.09,none,False,,True,False
2449,Delhi,2026-05-24,370.14,missing_or_wrong_item,True,21.0,False,False
2453,Mumbai,2026-05-30,226.32,false_delivered_status,True,27.2,False,False
2456,Kolkata,2026-06-21,182.3,address_triggered_cancellation,True,72.1,False,False
2460,Hyderabad,2026-06-10,684.58,address_triggered_cancellation,True,40.8,False,False
2464,Hyderabad,2026-05-18,357.97,none,False,,True,True
2466,Bengaluru,2026-06-07,591.32,none,False,,True,True
2468,Hyderabad,2026-06-17,408.9,address_triggered_cancellation,True,69.1,False,False
2469,Hyderabad,2026-06-27,185.13,missing_or_wrong_item,True,12.2,False,False
2471,Kolkata,2026-06-13,1212.12,address_triggered_cancellation,True,25.8,False,False
2473,Kolkata,2026-06-04,408.17,none,False,,True,True
2475,Mumbai,2026-06-10,132.66,missing_or_wrong_item,True,9.1,False,False
2483,Kolkata,2026-06-06,336.59,missing_or_wrong_item,True,7.0,False,False
2485,Bengaluru,2026-06-28,214.51,none,False,,True,False
2490,Pune,2026-05-25,481.96,missing_or_wrong_item,True,7.9,False,False
2491,Pune,2026-05-20,326.24,missing_or_wrong_item,True,14.4,False,False
2494,Kolkata,2026-05-14,165.01,address_triggered_cancellation,True,15.9,False,False
2495,Pune,2026-06-10,307.32,none,False,,True,True
2497,Pune,2026-05-08,454.91,missing_or_wrong_item,True,3.6,False,False
2498,Pune,2026-05-26,517.66,none,False,,True,True
2499,Hyderabad,2026-06-02,490.53,address_triggered_cancellation,True,25.4,False,False
2502,Kolkata,2026-05-01,28.77,address_triggered_cancellation,True,46.0,False,False
2503,Hyderabad,2026-06-25,180.48,missing_or_wrong_item,True,10.0,False,False
2504,Delhi,2026-06-06,362.45,none,False,,True,True
2507,Pune,2026-05-14,364.44,none,False,,True,True
2510,Hyderabad,2026-06-03,146.83,address_triggered_cancellation,True,23.6,False,False
2512,Delhi,2026-05-31,395.91,false_delivered_status,True,26.9,False,False
2516,Kolkata,2026-05-27,357.79,refund_delay_only,True,22.8,True,False
2520,Bengaluru,2026-06-28,331.85,none,False,,True,False
2522,Pune,2026-06-18,283.31,missing_or_wrong_item,True,3.4,False,False
2523,Hyderabad,2026-06-17,315.67,missing_or_wrong_item,True,7.2,False,False
2527,Delhi,2026-05-17,491.27,none,False,,True,False
2531,Pune,2026-06-22,129.88,none,False,,True,False
2532,Mumbai,2026-06-12,375.16,address_triggered_cancellation,True,26.3,False,False
2536,Kolkata,2026-06-28,471.17,missing_or_wrong_item,True,24.5,False,False
2538,Bengaluru,2026-05-27,604.24,none,False,,True,True
2540,Kolkata,2026-06-28,158.64,missing_or_wrong_item,True,11.7,False,False
2542,Kolkata,2026-05-15,390.83,refund_delay_only,True,53.2,True,False
2545,Bengaluru,2026-06-23,480.53,missing_or_wrong_item,True,3.8,False,False
2547,Hyderabad,2026-05-15,379.49,none,False,,True,False
2549,Delhi,2026-05-03,415.16,none,False,,True,True
2553,Bengaluru,2026-05-09,168.42,none,False,,True,True
2554,Hyderabad,2026-05-12,106.29,missing_or_wrong_item,True,7.9,False,False
2560,Delhi,2026-06-25,359.73,none,False,,True,True
2562,Bengaluru,2026-06-29,306.58,none,False,,True,True
2564,Hyderabad,2026-06-21,349.9,none,False,,True,False
2565,Kolkata,2026-06-24,166.57,address_triggered_cancellation,True,53.1,False,False
2566,Kolkata,2026-06-13,444.67,refund_delay_only,True,44.0,True,False
2567,Kolkata,2026-06-13,397.36,missing_or_wrong_item,True,7.3,False,False
2573,Pune,2026-06-14,654.08,address_triggered_cancellation,True,48.0,False,False
2574,Mumbai,2026-05-19,150.45,none,False,,True,True
2584,Mumbai,2026-05-11,623.49,missing_or_wrong_item,True,11.4,False,False
2585,Mumbai,2026-06-22,419.93,address_triggered_cancellation,True,44.7,False,False
2596,Hyderabad,2026-06-27,465.65,refund_delay_only,True,16.8,True,False
2598,Delhi,2026-05-23,338.6,none,False,,True,False
2603,Kolkata,2026-05-29,150.66,none,False,,True,False
2605,Mumbai,2026-06-04,405.04,address_triggered_cancellation,True,22.7,False,False
2606,Mumbai,2026-05-24,117.81,none,False,,True,True
2611,Delhi,2026-05-24,455.81,none,False,,True,False
2612,Mumbai,2026-05-27,380.52,none,False,,True,False
2614,Mumbai,2026-05-31,117.28,false_delivered_status,True,80.6,False,False
2615,Pune,2026-05-24,177.36,missing_or_wrong_item,True,3.5,False,False
2620,Bengaluru,2026-06-06,445.94,none,False,,True,False
2625,Mumbai,2026-05-09,294.09,missing_or_wrong_item,True,10.0,False,True
2626,Hyderabad,2026-05-06,132.9,none,False,,True,True
2628,Delhi,2026-05-19,110.26,none,False,,True,False
2631,Kolkata,2026-06-19,526.35,missing_or_wrong_item,True,20.2,False,False
2634,Hyderabad,2026-05-18,192.12,refund_delay_only,True,14.1,True,False
2643,Pune,2026-06-29,187.47,none,False,,True,True
2645,Delhi,2026-06-11,443.18,none,False,,True,True
2646,Bengaluru,2026-06-28,841.49,refund_delay_only,True,11.4,True,False
2648,Pune,2026-06-10,168.9,missing_or_wrong_item,True,12.2,False,False
2649,Hyderabad,2026-06-27,423.3,none,False,,True,True
2652,Mumbai,2026-06-25,357.04,none,False,,True,True
2654,Kolkata,2026-06-27,187.58,missing_or_wrong_item,True,14.8,False,False
2657,Kolkata,2026-06-28,124.32,none,False,,True,False
2659,Pune,2026-05-12,217.7,address_triggered_cancellation,True,39.0,False,False
2660,Hyderabad,2026-05-04,261.45,address_triggered_cancellation,True,44.8,False,False
2663,Bengaluru,2026-06-28,290.47,missing_or_wrong_item,True,15.8,False,False
2664,Bengaluru,2026-05-04,270.71,none,False,,True,False
2665,Kolkata,2026-06-26,520.58,refund_delay_only,True,9.2,True,False
2667,Pune,2026-06-04,294.77,none,False,,True,False
2670,Mumbai,2026-06-08,400.35,address_triggered_cancellation,True,25.4,False,False
2674,Mumbai,2026-05-24,681.75,none,False,,True,True
2676,Bengaluru,2026-06-17,581.76,none,False,,True,True
2679,Pune,2026-05-15,219.08,address_triggered_cancellation,True,16.1,False,False
2682,Pune,2026-05-20,549.06,missing_or_wrong_item,True,11.4,False,False
2683,Mumbai,2026-05-28,457.43,missing_or_wrong_item,True,15.4,False,False
2687,Delhi,2026-05-18,280.84,none,False,,True,False
2689,Bengaluru,2026-06-21,295.82,none,False,,True,False
2690,Delhi,2026-05-28,1262.38,refund_delay_only,True,14.2,True,False
2691,Pune,2026-05-19,240.27,refund_delay_only,True,4.2,True,False
2693,Bengaluru,2026-06-13,529.27,none,False,,True,False
2694,Bengaluru,2026-05-12,877.58,none,False,,True,False
2699,Bengaluru,2026-05-04,289.93,none,False,,True,False
2701,Pune,2026-05-03,361.89,none,False,,True,False
2704,Hyderabad,2026-06-23,374.92,none,False,,True,False
2705,Kolkata,2026-05-26,175.36,address_triggered_cancellation,True,10.9,False,False
2708,Pune,2026-05-05,65.78,none,False,,True,True
2710,Pune,2026-05-10,234.91,none,False,,True,True
2712,Kolkata,2026-06-14,250.59,none,False,,True,True
2713,Delhi,2026-06-06,728.22,address_triggered_cancellation,True,18.2,False,False
2714,Hyderabad,2026-05-22,456.92,none,False,,True,True
2716,Pune,2026-06-19,137.06,none,False,,True,True
2719,Pune,2026-05-15,337.06,none,False,,True,True
2723,Bengaluru,2026-05-18,279.27,false_delivered_status,True,95.9,False,False
2724,Pune,2026-06-15,204.91,none,False,,True,False
2728,Delhi,2026-05-07,340.19,none,False,,True,True
2734,Bengaluru,2026-05-12,226.53,none,False,,True,True
2736,Kolkata,2026-05-18,460.7,none,False,,True,False
2737,Delhi,2026-05-21,251.33,none,False,,True,True
2740,Kolkata,2026-05-15,52.61,none,False,,True,True
2742,Bengaluru,2026-05-30,339.9,missing_or_wrong_item,True,13.9,False,False
2744,Pune,2026-06-16,218.56,none,False,,True,False
2747,Bengaluru,2026-05-24,451.94,missing_or_wrong_item,True,8.4,False,False
2750,Bengaluru,2026-05-10,271.93,address_triggered_cancellation,True,25.0,False,False
2751,Mumbai,2026-06-05,382.38,missing_or_wrong_item,True,8.0,False,False
2752,Pune,2026-05-29,312.18,none,False,,True,True
2753,Pune,2026-05-01,288.35,none,False,,True,False
2758,Bengaluru,2026-05-23,240.65,none,False,,True,True
2761,Delhi,2026-05-27,353.31,missing_or_wrong_item,True,6.8,False,False
2765,Hyderabad,2026-05-28,225.75,none,False,,True,False
2766,Delhi,2026-06-08,305.13,address_triggered_cancellation,True,42.0,False,False
2768,Kolkata,2026-05-05,205.88,none,False,,True,True
2770,Pune,2026-05-08,481.13,address_triggered_cancellation,True,33.9,False,False
2774,Hyderabad,2026-05-18,238.37,none,False,,True,False
2776,Delhi,2026-05-07,320.8,none,False,,True,True
2777,Hyderabad,2026-06-07,470.11,none,False,,True,True
2783,Mumbai,2026-06-15,84.6,false_delivered_status,True,40.1,False,True
2784,Mumbai,2026-05-23,66.71,none,False,,True,False
2785,Bengaluru,2026-06-11,458.47,refund_delay_only,True,5.6,True,True
2786,Kolkata,2026-06-11,369.4,missing_or_wrong_item,True,1.6,False,False
2788,Kolkata,2026-06-16,376.32,none,False,,True,False
2792,Delhi,2026-06-24,401.34,none,False,,True,True
2795,Bengaluru,2026-05-30,440.16,address_triggered_cancellation,True,22.7,False,False
2797,Hyderabad,2026-06-15,787.47,none,False,,True,True
2799,Kolkata,2026-05-23,269.88,none,False,,True,False
2800,Hyderabad,2026-05-21,412.67,none,False,,True,True
2805,Pune,2026-05-30,325.73,none,False,,True,True
2806,Hyderabad,2026-05-18,704.68,refund_delay_only,True,32.8,True,False
2808,Bengaluru,2026-06-26,218.44,refund_delay_only,True,49.7,True,False
2809,Bengaluru,2026-06-03,396.74,none,False,,True,False
2812,Hyderabad,2026-05-26,429.68,none,False,,True,True
2814,Kolkata,2026-06-08,224.43,none,False,,True,True
2815,Bengaluru,2026-06-08,327.55,missing_or_wrong_item,True,22.8,False,False
2823,Delhi,2026-05-19,275.38,refund_delay_only,True,30.6,True,False
2827,Delhi,2026-06-04,100.81,none,False,,True,False
2830,Hyderabad,2026-06-21,384.65,none,False,,True,True
2833,Delhi,2026-06-29,234.75,none,False,,True,True
2837,Hyderabad,2026-06-04,398.46,none,False,,True,True
2838,Mumbai,2026-05-01,281.98,refund_delay_only,True,8.7,True,False
2839,Kolkata,2026-05-18,137.31,none,False,,True,False
2840,Mumbai,2026-06-24,548.55,none,False,,True,True
2844,Pune,2026-06-25,589.18,none,False,,True,False
2846,Delhi,2026-06-21,1224.45,address_triggered_cancellation,True,31.3,False,False
2848,Hyderabad,2026-06-19,310.89,none,False,,True,True
2855,Bengaluru,2026-05-20,72.03,none,False,,True,False
2860,Kolkata,2026-05-17,515.59,false_delivered_status,True,41.0,False,False
2861,Hyderabad,2026-06-15,140.55,missing_or_wrong_item,True,2.5,False,True
2862,Pune,2026-06-20,201.97,none,False,,True,False
2863,Delhi,2026-06-15,478.64,missing_or_wrong_item,True,17.5,False,True
2864,Pune,2026-06-20,140.65,none,False,,True,False
2867,Hyderabad,2026-06-11,288.73,none,False,,True,True
2876,Mumbai,2026-06-16,321.93,address_triggered_cancellation,True,24.0,False,False
2884,Pune,2026-05-22,222.3,none,False,,True,False
2888,Delhi,2026-06-14,232.17,false_delivered_status,True,27.0,False,False
2891,Delhi,2026-05-12,450.98,refund_delay_only,True,23.1,True,False
2895,Pune,2026-06-07,287.28,false_delivered_status,True,34.8,False,False
2899,Bengaluru,2026-06-04,276.76,missing_or_wrong_item,True,18.0,False,False
2903,Pune,2026-06-16,255.0,refund_delay_only,True,56.4,True,False
2905,Delhi,2026-05-08,762.44,address_triggered_cancellation,True,40.9,False,False
2913,Kolkata,2026-06-11,242.66,refund_delay_only,True,17.6,True,False
2914,Mumbai,2026-06-11,787.34,none,False,,True,True
2915,Mumbai,2026-06-16,559.14,none,False,,True,True
2921,Delhi,2026-06-26,222.21,none,False,,True,False
2923,Bengaluru,2026-06-03,262.67,none,False,,True,False
2927,Kolkata,2026-05-18,218.85,none,False,,True,True
2929,Bengaluru,2026-06-16,233.28,none,False,,True,True
2937,Kolkata,2026-05-13,505.74,none,False,,True,True
2940,Hyderabad,2026-05-18,91.19,missing_or_wrong_item,True,10.8,False,False
2941,Hyderabad,2026-06-23,424.71,none,False,,True,False
2942,Hyderabad,2026-06-09,460.65,none,False,,True,True
2943,Pune,2026-06-23,222.83,address_triggered_cancellation,True,31.0,False,False
2950,Kolkata,2026-06-20,425.35,none,False,,True,False
2951,Bengaluru,2026-06-09,554.12,false_delivered_status,True,66.6,False,False
2952,Mumbai,2026-06-18,523.37,none,False,,True,True
2958,Bengaluru,2026-05-30,815.1,address_triggered_cancellation,True,73.2,False,False
2960,Mumbai,2026-06-03,124.16,none,False,,True,False
2967,Delhi,2026-06-17,471.65,none,False,,True,False
2972,Pune,2026-06-02,497.63,none,False,,True,False
2974,Hyderabad,2026-06-06,288.75,refund_delay_only,True,4.7,True,False
2978,Pune,2026-05-27,644.72,missing_or_wrong_item,True,9.8,False,False
2980,Kolkata,2026-06-01,545.82,missing_or_wrong_item,True,10.6,False,False
2982,Hyderabad,2026-06-25,567.58,none,False,,True,False
2989,Pune,2026-05-25,216.8,refund_delay_only,True,68.2,True,False
2992,Delhi,2026-06-27,182.32,refund_delay_only,True,18.2,True,False
2995,Kolkata,2026-06-08,266.4,address_triggered_cancellation,True,35.5,False,False
2996,Kolkata,2026-05-08,391.59,none,False,,True,False
2997,Kolkata,2026-05-03,310.83,address_triggered_cancellation,True,33.3,False,False
2998,Kolkata,2026-05-21,520.39,none,False,,True,True
3000,Bengaluru,2026-05-26,258.71,none,False,,True,False
3001,Delhi,2026-05-06,413.51,none,False,,True,False
3003,Delhi,2026-05-21,238.82,missing_or_wrong_item,True,6.6,False,False
3004,Delhi,2026-06-21,431.01,none,False,,True,False
3008,Delhi,2026-05-05,137.2,none,False,,True,False
3010,Kolkata,2026-05-01,230.04,false_delivered_status,True,31.4,False,False
3015,Delhi,2026-06-14,326.77,none,False,,True,True
3016,Pune,2026-05-18,317.27,none,False,,True,True
3020,Bengaluru,2026-05-03,162.08,none,False,,True,True
3021,Mumbai,2026-06-22,252.24,none,False,,True,True
3024,Kolkata,2026-05-22,81.47,none,False,,True,False
3036,Hyderabad,2026-06-24,114.93,none,False,,True,False
3041,Pune,2026-06-10,82.62,none,False,,True,False
3042,Pune,2026-06-02,170.62,address_triggered_cancellation,True,112.1,False,False
3045,Hyderabad,2026-05-07,449.21,missing_or_wrong_item,True,4.2,False,False
3047,Mumbai,2026-06-07,255.51,none,False,,True,True
3051,Hyderabad,2026-06-24,469.79,missing_or_wrong_item,True,1.3,False,False
3052,Kolkata,2026-05-01,546.64,none,False,,True,True
3057,Pune,2026-05-12,350.89,missing_or_wrong_item,True,11.5,False,False
3059,Kolkata,2026-05-10,158.7,none,False,,True,True
3061,Mumbai,2026-05-11,351.12,none,False,,True,False
3063,Hyderabad,2026-05-06,498.68,missing_or_wrong_item,True,5.8,False,True
3067,Delhi,2026-05-21,288.49,none,False,,True,True
3068,Delhi,2026-06-15,453.52,none,False,,True,False
3069,Delhi,2026-06-03,731.41,missing_or_wrong_item,True,4.2,False,False
3075,Mumbai,2026-06-27,173.76,none,False,,True,True
3077,Mumbai,2026-06-09,113.83,missing_or_wrong_item,True,13.9,False,False
3078,Delhi,2026-06-29,191.72,none,False,,True,True
3079,Delhi,2026-06-21,290.09,none,False,,True,False
3082,Pune,2026-06-09,311.04,address_triggered_cancellation,True,28.5,False,False
3084,Bengaluru,2026-06-18,146.24,refund_delay_only,True,36.2,True,False
3086,Mumbai,2026-06-15,525.55,false_delivered_status,True,50.2,False,False
3089,Kolkata,2026-06-25,399.0,missing_or_wrong_item,True,12.5,False,False
3091,Mumbai,2026-05-16,89.06,none,False,,True,True
3093,Hyderabad,2026-05-13,211.56,false_delivered_status,True,36.2,False,False
3094,Kolkata,2026-05-10,419.68,none,False,,True,False
3095,Pune,2026-05-03,171.82,missing_or_wrong_item,True,2.8,False,False
3097,Pune,2026-06-11,410.98,none,False,,True,False
3099,Delhi,2026-06-16,399.46,none,False,,True,False
3101,Pune,2026-06-17,259.75,missing_or_wrong_item,True,4.1,False,False
3104,Bengaluru,2026-05-05,250.97,none,False,,True,True
3105,Bengaluru,2026-06-22,369.85,none,False,,True,True
3108,Hyderabad,2026-06-07,306.51,none,False,,True,False
3109,Hyderabad,2026-05-18,63.96,none,False,,True,True
3112,Delhi,2026-05-30,298.97,none,False,,True,True
3118,Pune,2026-06-28,307.86,false_delivered_status,True,125.9,False,False
3119,Mumbai,2026-05-12,241.06,none,False,,True,True
3125,Kolkata,2026-06-20,1276.41,missing_or_wrong_item,True,26.0,False,False
3128,Mumbai,2026-06-14,415.06,address_triggered_cancellation,True,22.9,False,False
3129,Pune,2026-05-27,134.07,none,False,,True,True
3131,Delhi,2026-06-29,310.75,none,False,,True,False
3135,Bengaluru,2026-06-27,495.62,none,False,,True,True
3136,Mumbai,2026-05-10,525.18,none,False,,True,True
3140,Delhi,2026-06-06,108.95,none,False,,True,True
3142,Bengaluru,2026-05-24,229.91,none,False,,True,True
3145,Pune,2026-06-13,488.79,none,False,,True,False
3149,Pune,2026-06-24,165.24,address_triggered_cancellation,True,83.3,False,False
3150,Pune,2026-05-14,361.65,none,False,,True,True
3152,Delhi,2026-05-10,400.67,none,False,,True,True
3156,Bengaluru,2026-05-17,130.58,address_triggered_cancellation,True,18.3,False,False
3157,Mumbai,2026-05-27,523.83,address_triggered_cancellation,True,39.9,False,False
3159,Delhi,2026-05-27,850.85,address_triggered_cancellation,True,19.8,False,False
3161,Hyderabad,2026-06-22,275.45,none,False,,True,False
3163,Hyderabad,2026-05-24,418.08,none,False,,True,True
3164,Delhi,2026-05-27,627.86,none,False,,True,False
3167,Pune,2026-05-13,462.09,address_triggered_cancellation,True,49.5,False,False
3171,Pune,2026-06-16,791.54,none,False,,True,False
3172,Delhi,2026-06-29,382.72,none,False,,True,False
3174,Pune,2026-06-21,106.64,missing_or_wrong_item,True,1.9,False,False
3175,Pune,2026-06-18,170.84,none,False,,True,False
3179,Hyderabad,2026-05-31,393.99,none,False,,True,True
3181,Delhi,2026-06-27,73.17,missing_or_wrong_item,True,8.7,False,False
3184,Kolkata,2026-06-24,197.67,none,False,,True,False
3187,Hyderabad,2026-05-14,488.59,none,False,,True,False
3189,Delhi,2026-05-01,355.23,none,False,,True,True
3190,Delhi,2026-06-01,252.33,none,False,,True,False
3191,Bengaluru,2026-06-03,291.13,address_triggered_cancellation,True,44.5,False,False
3197,Mumbai,2026-05-28,578.78,none,False,,True,False
3200,Bengaluru,2026-06-05,97.66,none,False,,True,False
3210,Mumbai,2026-06-06,39.47,address_triggered_cancellation,True,41.2,False,False
3214,Pune,2026-05-21,191.44,none,False,,True,True
3216,Hyderabad,2026-06-23,174.88,none,False,,True,False
3219,Pune,2026-05-07,239.9,none,False,,True,True
3220,Mumbai,2026-06-20,458.55,address_triggered_cancellation,True,15.7,False,False
3221,Bengaluru,2026-06-01,447.57,refund_delay_only,True,7.5,True,False
3222,Delhi,2026-05-23,250.59,address_triggered_cancellation,True,96.4,False,False
3225,Kolkata,2026-05-07,457.91,none,False,,True,False
3228,Kolkata,2026-05-22,332.92,none,False,,True,True
3230,Hyderabad,2026-06-23,834.18,none,False,,True,True
3232,Pune,2026-06-20,403.88,refund_delay_only,True,12.9,True,False
3236,Mumbai,2026-05-11,123.54,none,False,,True,True
3238,Bengaluru,2026-05-09,183.34,none,False,,True,False
3239,Hyderabad,2026-06-04,138.29,none,False,,True,False
3240,Hyderabad,2026-05-19,228.96,none,False,,True,True
3244,Delhi,2026-06-03,183.19,none,False,,True,False
3248,Delhi,2026-05-02,26.56,false_delivered_status,True,68.2,False,False
3251,Pune,2026-06-02,180.01,none,False,,True,True
3254,Mumbai,2026-05-13,536.29,none,False,,True,False
3255,Hyderabad,2026-05-02,785.84,missing_or_wrong_item,True,2.0,False,False
3259,Bengaluru,2026-06-09,756.76,missing_or_wrong_item,True,2.1,False,False
3262,Delhi,2026-06-21,593.86,none,False,,True,True
3266,Mumbai,2026-05-25,600.28,address_triggered_cancellation,True,35.6,False,True
3267,Bengaluru,2026-06-01,1018.53,refund_delay_only,True,36.1,True,False
3269,Mumbai,2026-06-21,127.73,address_triggered_cancellation,True,35.7,False,False
3271,Bengaluru,2026-06-17,589.14,missing_or_wrong_item,True,7.4,False,False
3272,Mumbai,2026-06-20,122.78,address_triggered_cancellation,True,53.6,False,False
3273,Mumbai,2026-06-13,379.81,address_triggered_cancellation,True,27.6,False,False
3275,Pune,2026-05-08,532.91,none,False,,True,True
3276,Bengaluru,2026-05-21,815.28,false_delivered_status,True,125.3,False,False
3277,Hyderabad,2026-06-22,353.48,none,False,,True,False
3280,Kolkata,2026-05-08,755.7,address_triggered_cancellation,True,67.4,False,False
3283,Pune,2026-06-10,590.26,missing_or_wrong_item,True,1.0,False,True
3284,Mumbai,2026-05-19,165.79,none,False,,True,True
3285,Hyderabad,2026-05-30,548.9,none,False,,True,False
3287,Bengaluru,2026-06-11,197.65,missing_or_wrong_item,True,9.9,False,False
3290,Mumbai,2026-05-06,233.18,none,False,,True,False
3292,Pune,2026-05-06,371.81,missing_or_wrong_item,True,8.0,False,False
3299,Pune,2026-06-14,375.3,address_triggered_cancellation,True,24.3,False,False
3304,Kolkata,2026-06-11,243.93,address_triggered_cancellation,True,24.8,False,False
3307,Mumbai,2026-05-07,620.87,none,False,,True,False
3311,Bengaluru,2026-05-16,448.06,none,False,,True,True
3312,Delhi,2026-05-04,243.25,missing_or_wrong_item,True,11.5,False,False
3313,Bengaluru,2026-06-12,439.0,none,False,,True,True
3316,Kolkata,2026-05-25,393.02,none,False,,True,True
3322,Pune,2026-05-05,130.27,none,False,,True,False
3324,Kolkata,2026-06-24,566.25,refund_delay_only,True,17.7,True,False
3332,Pune,2026-06-19,224.17,refund_delay_only,True,2.0,True,True
3337,Hyderabad,2026-05-12,205.18,missing_or_wrong_item,True,1.2,False,False
3341,Delhi,2026-05-03,79.34,none,False,,True,True
3342,Pune,2026-05-12,694.75,missing_or_wrong_item,True,13.1,False,True
3343,Kolkata,2026-06-18,349.47,none,False,,True,False
3354,Mumbai,2026-05-27,499.93,false_delivered_status,True,84.5,False,False
3358,Kolkata,2026-05-26,347.51,missing_or_wrong_item,True,16.9,False,False
3361,Pune,2026-05-08,245.52,none,False,,True,False
3367,Bengaluru,2026-05-26,410.85,none,False,,True,True
3368,Hyderabad,2026-05-22,136.83,missing_or_wrong_item,True,7.2,False,False
3380,Delhi,2026-06-14,302.22,missing_or_wrong_item,True,9.7,False,False
3382,Bengaluru,2026-06-19,332.58,address_triggered_cancellation,True,10.2,False,False
3383,Mumbai,2026-06-22,480.13,none,False,,True,False
3386,Delhi,2026-06-14,405.02,none,False,,True,True
3387,Hyderabad,2026-05-05,556.6,address_triggered_cancellation,True,39.2,False,False
3392,Hyderabad,2026-06-19,92.46,address_triggered_cancellation,True,42.0,False,False
3397,Bengaluru,2026-05-29,298.1,address_triggered_cancellation,True,21.1,False,False
3401,Bengaluru,2026-05-28,317.1,address_triggered_cancellation,True,29.0,False,False
3402,Bengaluru,2026-06-11,600.6,none,False,,True,True
3404,Mumbai,2026-05-14,547.85,none,False,,True,False
3405,Bengaluru,2026-05-20,307.2,missing_or_wrong_item,True,7.8,False,False
3410,Kolkata,2026-06-04,76.22,address_triggered_cancellation,True,66.4,False,False
3411,Bengaluru,2026-06-18,109.1,refund_delay_only,True,40.4,True,False
3412,Bengaluru,2026-05-02,432.94,none,False,,True,True
3414,Kolkata,2026-05-25,604.25,missing_or_wrong_item,True,7.2,False,False
3415,Bengaluru,2026-05-10,94.28,none,False,,True,True
3417,Mumbai,2026-06-20,474.95,none,False,,True,True
3418,Delhi,2026-06-23,626.79,address_triggered_cancellation,True,8.8,False,False
3419,Hyderabad,2026-05-07,207.62,refund_delay_only,True,31.8,True,False
3424,Bengaluru,2026-06-24,449.32,false_delivered_status,True,57.0,False,False
3426,Kolkata,2026-06-06,272.92,none,False,,True,True
3427,Pune,2026-06-12,200.71,address_triggered_cancellation,True,26.2,False,False
3428,Hyderabad,2026-06-12,906.93,none,False,,True,True
3430,Mumbai,2026-06-24,229.35,missing_or_wrong_item,True,7.1,False,False
3432,Mumbai,2026-05-01,378.86,address_triggered_cancellation,True,18.1,False,False
3433,Bengaluru,2026-06-08,328.68,address_triggered_cancellation,True,19.7,False,False
3434,Hyderabad,2026-06-16,233.59,none,False,,True,True
3435,Pune,2026-06-26,304.95,false_delivered_status,True,48.0,False,False
3439,Kolkata,2026-05-13,547.71,missing_or_wrong_item,True,7.0,False,False
3442,Hyderabad,2026-05-07,598.24,missing_or_wrong_item,True,19.9,False,False
3443,Kolkata,2026-05-03,74.35,missing_or_wrong_item,True,12.5,False,False
3445,Delhi,2026-06-09,356.4,missing_or_wrong_item,True,15.9,False,False
3447,Delhi,2026-06-20,250.53,none,False,,True,True
3449,Delhi,2026-06-04,626.66,refund_delay_only,True,14.9,True,False
3452,Pune,2026-06-11,412.26,missing_or_wrong_item,True,1.9,False,False
3453,Pune,2026-06-11,205.4,none,False,,True,True
3454,Mumbai,2026-06-03,112.81,address_triggered_cancellation,True,42.0,False,False
3460,Mumbai,2026-06-28,577.67,missing_or_wrong_item,True,13.6,False,False
3461,Delhi,2026-05-28,314.16,false_delivered_status,True,70.5,False,False
3469,Hyderabad,2026-06-10,162.7,address_triggered_cancellation,True,26.5,False,False
3472,Pune,2026-06-15,608.02,none,False,,True,True
3474,Kolkata,2026-06-25,838.4,missing_or_wrong_item,True,4.0,False,False
3477,Mumbai,2026-06-19,480.54,missing_or_wrong_item,True,8.5,False,False
3478,Kolkata,2026-06-21,480.92,address_triggered_cancellation,True,35.6,False,False
3480,Mumbai,2026-06-27,192.9,none,False,,True,False
3481,Hyderabad,2026-05-08,327.58,missing_or_wrong_item,True,12.8,False,False
3482,Hyderabad,2026-05-30,140.63,none,False,,True,True
3483,Kolkata,2026-06-13,130.52,none,False,,True,False
3489,Pune,2026-06-18,469.34,none,False,,True,False
3492,Kolkata,2026-05-24,654.82,none,False,,True,True
3494,Delhi,2026-06-02,441.63,address_triggered_cancellation,True,38.0,False,False
3500,Bengaluru,2026-05-25,361.19,none,False,,True,True
3507,Mumbai,2026-06-06,431.15,none,False,,True,True
3513,Hyderabad,2026-06-13,380.99,false_delivered_status,True,24.0,False,False
3514,Mumbai,2026-05-15,456.74,refund_delay_only,True,33.5,True,False
3516,Hyderabad,2026-05-21,310.54,none,False,,True,True
3518,Hyderabad,2026-06-08,316.21,none,False,,True,False
3521,Mumbai,2026-05-06,445.31,none,False,,True,False
3523,Kolkata,2026-06-27,448.31,none,False,,True,True
3526,Hyderabad,2026-06-07,314.22,none,False,,True,False
3528,Kolkata,2026-06-25,144.98,missing_or_wrong_item,True,11.2,False,False
3530,Hyderabad,2026-05-17,88.36,none,False,,True,False
3531,Kolkata,2026-05-07,225.89,none,False,,True,False
3533,Hyderabad,2026-06-25,276.86,none,False,,True,False
3535,Kolkata,2026-06-26,550.55,address_triggered_cancellation,True,50.6,False,False
3538,Kolkata,2026-05-19,703.37,refund_delay_only,True,28.4,True,False
3539,Bengaluru,2026-06-11,547.64,none,False,,True,True
3544,Bengaluru,2026-06-18,353.77,missing_or_wrong_item,True,19.3,False,False
3545,Bengaluru,2026-06-29,681.88,refund_delay_only,True,31.3,True,False
3548,Pune,2026-06-25,504.73,none,False,,True,True
3551,Kolkata,2026-05-25,107.12,none,False,,True,False
3552,Pune,2026-05-12,311.39,none,False,,True,True
3554,Kolkata,2026-06-13,322.49,missing_or_wrong_item,True,19.9,False,False
3563,Hyderabad,2026-05-23,186.89,missing_or_wrong_item,True,4.3,False,False
3566,Delhi,2026-06-27,571.79,address_triggered_cancellation,True,59.3,False,False
3568,Delhi,2026-06-11,277.36,none,False,,True,True
3569,Delhi,2026-05-13,307.35,address_triggered_cancellation,True,29.9,False,False
3570,Hyderabad,2026-06-26,258.89,none,False,,True,True
3571,Mumbai,2026-06-16,579.5,missing_or_wrong_item,True,13.1,False,False
3572,Delhi,2026-06-10,124.69,none,False,,True,False
3575,Bengaluru,2026-06-08,256.55,missing_or_wrong_item,True,9.8,False,False
3576,Pune,2026-06-13,251.67,missing_or_wrong_item,True,10.6,False,False
3578,Pune,2026-06-16,243.6,none,False,,True,True
3580,Delhi,2026-05-10,356.11,address_triggered_cancellation,True,48.8,False,False
3581,Hyderabad,2026-05-30,430.21,none,False,,True,True
3591,Pune,2026-06-07,220.74,none,False,,True,True
3600,Delhi,2026-06-06,484.32,none,False,,True,True
3607,Hyderabad,2026-05-05,250.92,address_triggered_cancellation,True,66.4,False,False
3610,Pune,2026-05-09,70.69,address_triggered_cancellation,True,32.7,False,False
3615,Pune,2026-06-05,361.74,address_triggered_cancellation,True,34.8,False,False
3621,Pune,2026-05-25,72.11,none,False,,True,False
3624,Hyderabad,2026-05-10,301.72,none,False,,True,False
3628,Hyderabad,2026-05-23,490.35,none,False,,True,False
3634,Pune,2026-06-02,227.55,address_triggered_cancellation,True,32.9,False,False
3638,Hyderabad,2026-05-01,941.41,missing_or_wrong_item,True,7.7,False,False
3642,Mumbai,2026-05-22,451.92,address_triggered_cancellation,True,6.9,False,False
3646,Pune,2026-06-07,297.69,none,False,,True,True
3652,Delhi,2026-05-27,167.89,none,False,,True,False
3663,Kolkata,2026-06-09,363.84,missing_or_wrong_item,True,13.1,False,False
3669,Bengaluru,2026-05-29,597.39,none,False,,True,False
3670,Bengaluru,2026-06-24,127.98,missing_or_wrong_item,True,8.3,False,True
3671,Delhi,2026-06-29,392.12,none,False,,True,False
3672,Delhi,2026-06-21,256.85,none,False,,True,True
3674,Kolkata,2026-05-21,73.45,none,False,,True,False
3675,Hyderabad,2026-05-20,247.9,refund_delay_only,True,12.7,True,False
3676,Mumbai,2026-05-09,739.36,missing_or_wrong_item,True,14.3,False,False
3679,Bengaluru,2026-06-27,227.46,none,False,,True,True
3682,Kolkata,2026-06-29,304.47,missing_or_wrong_item,True,2.0,False,False
3683,Hyderabad,2026-05-09,235.28,missing_or_wrong_item,True,23.3,False,False
3689,Kolkata,2026-05-01,622.9,refund_delay_only,True,11.8,True,False
3690,Bengaluru,2026-05-08,200.45,none,False,,True,False
3692,Kolkata,2026-05-08,290.59,refund_delay_only,True,15.4,True,False
3699,Pune,2026-05-25,303.99,none,False,,True,False
3703,Pune,2026-05-07,451.99,address_triggered_cancellation,True,39.2,False,False
3705,Pune,2026-05-24,553.89,none,False,,True,True
3706,Mumbai,2026-06-16,179.34,missing_or_wrong_item,True,18.5,False,False
3707,Mumbai,2026-05-22,396.99,address_triggered_cancellation,True,37.3,False,False
3709,Mumbai,2026-06-24,347.0,none,False,,True,False
3710,Kolkata,2026-05-03,392.08,none,False,,True,False
3712,Mumbai,2026-06-09,181.47,none,False,,True,True
3721,Delhi,2026-05-23,368.02,none,False,,True,False
3729,Bengaluru,2026-05-02,364.17,address_triggered_cancellation,True,39.5,False,False
3738,Pune,2026-05-25,209.24,address_triggered_cancellation,True,14.7,False,False
3739,Pune,2026-06-17,180.4,none,False,,True,False
3740,Hyderabad,2026-06-16,541.61,address_triggered_cancellation,True,17.0,False,False
3743,Hyderabad,2026-05-21,446.05,address_triggered_cancellation,True,28.8,False,False
3751,Delhi,2026-05-26,69.27,address_triggered_cancellation,True,56.9,False,True
3758,Hyderabad,2026-06-14,439.42,none,False,,True,False
3762,Mumbai,2026-06-12,363.7,none,False,,True,True
3763,Kolkata,2026-06-19,328.83,missing_or_wrong_item,True,22.7,False,False
3764,Kolkata,2026-06-10,537.28,none,False,,True,False
3773,Mumbai,2026-05-19,313.89,none,False,,True,False
3775,Hyderabad,2026-06-12,184.51,missing_or_wrong_item,True,11.9,False,False
3776,Hyderabad,2026-05-22,155.94,none,False,,True,False
3780,Hyderabad,2026-06-16,77.65,missing_or_wrong_item,True,10.0,False,True
3784,Pune,2026-06-06,290.12,none,False,,True,True
3785,Delhi,2026-06-11,260.1,none,False,,True,True
3786,Hyderabad,2026-06-14,231.83,none,False,,True,False
3789,Hyderabad,2026-06-02,861.63,none,False,,True,True
3791,Bengaluru,2026-06-05,245.17,none,False,,True,True
3793,Bengaluru,2026-05-20,172.34,address_triggered_cancellation,True,64.3,False,False
3801,Bengaluru,2026-05-26,697.31,none,False,,True,False
3805,Delhi,2026-06-29,180.8,address_triggered_cancellation,True,21.0,False,False
3806,Hyderabad,2026-05-28,634.88,missing_or_wrong_item,True,2.2,False,False
3810,Bengaluru,2026-05-14,321.5,refund_delay_only,True,30.7,True,True
3813,Delhi,2026-06-08,350.99,none,False,,True,True
3815,Kolkata,2026-06-27,257.18,missing_or_wrong_item,True,13.8,False,False
3817,Bengaluru,2026-05-17,731.11,address_triggered_cancellation,True,18.4,False,False
3819,Kolkata,2026-05-07,1306.58,missing_or_wrong_item,True,9.1,False,False
3822,Pune,2026-05-15,419.83,none,False,,True,True
3826,Hyderabad,2026-06-08,998.08,address_triggered_cancellation,True,34.1,False,False
3827,Kolkata,2026-05-26,204.65,none,False,,True,True
3834,Mumbai,2026-06-21,102.81,none,False,,True,False
3839,Hyderabad,2026-05-22,321.03,refund_delay_only,True,33.0,True,False
3844,Delhi,2026-05-11,357.98,none,False,,True,False
3847,Kolkata,2026-05-26,41.92,missing_or_wrong_item,True,16.9,False,False
3849,Pune,2026-06-27,634.4,none,False,,True,False
3850,Hyderabad,2026-05-30,549.99,none,False,,True,True
3852,Kolkata,2026-06-08,26.81,address_triggered_cancellation,True,23.4,False,False
3855,Pune,2026-05-30,267.15,address_triggered_cancellation,True,52.4,False,False
3857,Kolkata,2026-06-06,327.37,none,False,,True,False
3858,Hyderabad,2026-06-19,979.14,none,False,,True,False
3863,Hyderabad,2026-06-26,302.49,none,False,,True,True
3864,Hyderabad,2026-05-01,562.82,refund_delay_only,True,12.3,True,False
3865,Kolkata,2026-05-04,236.61,false_delivered_status,True,32.8,False,False
3872,Bengaluru,2026-06-12,141.45,none,False,,True,True
3874,Bengaluru,2026-05-07,469.61,none,False,,True,True
3885,Mumbai,2026-06-10,134.77,address_triggered_cancellation,True,33.8,False,False
3887,Mumbai,2026-06-04,232.6,none,False,,True,False
3889,Bengaluru,2026-05-31,546.84,missing_or_wrong_item,True,4.5,False,False
3890,Kolkata,2026-06-28,75.42,none,False,,True,True
3891,Kolkata,2026-05-03,791.01,none,False,,True,False
3899,Mumbai,2026-06-01,467.12,none,False,,True,False
3906,Kolkata,2026-05-24,123.61,none,False,,True,True
3913,Mumbai,2026-06-21,719.01,none,False,,True,True
3915,Hyderabad,2026-05-29,268.8,missing_or_wrong_item,True,14.1,False,False
3916,Delhi,2026-05-12,181.24,none,False,,True,True
3917,Pune,2026-06-07,565.16,none,False,,True,True
3918,Hyderabad,2026-05-01,728.68,none,False,,True,False
3920,Hyderabad,2026-06-18,593.71,none,False,,True,False
3921,Pune,2026-05-24,264.08,false_delivered_status,True,58.3,False,False
3923,Kolkata,2026-06-17,444.09,refund_delay_only,True,31.5,True,False
3924,Mumbai,2026-06-05,326.3,none,False,,True,True
3927,Kolkata,2026-05-24,355.6,address_triggered_cancellation,True,63.3,False,False
3928,Pune,2026-06-17,416.79,none,False,,True,True
3932,Kolkata,2026-06-01,440.57,none,False,,True,False
3933,Kolkata,2026-05-21,242.94,none,False,,True,True
3935,Mumbai,2026-05-23,223.93,address_triggered_cancellation,True,31.7,False,False
3937,Delhi,2026-06-01,664.94,missing_or_wrong_item,True,4.0,False,False
3942,Kolkata,2026-06-10,54.77,none,False,,True,False
3944,Pune,2026-06-27,121.49,missing_or_wrong_item,True,8.1,False,False
3945,Pune,2026-05-30,181.92,none,False,,True,False
3948,Bengaluru,2026-06-06,406.64,address_triggered_cancellation,True,77.0,False,False
3950,Pune,2026-06-28,449.55,missing_or_wrong_item,True,15.6,False,False
3951,Pune,2026-06-24,188.75,none,False,,True,True
3953,Pune,2026-06-20,656.91,missing_or_wrong_item,True,11.1,False,False
3954,Pune,2026-05-25,361.41,none,False,,True,True
3960,Kolkata,2026-05-01,41.39,address_triggered_cancellation,True,39.5,False,False
3962,Bengaluru,2026-05-19,248.37,none,False,,True,False
3974,Bengaluru,2026-05-26,241.92,missing_or_wrong_item,True,15.6,False,False
3986,Delhi,2026-05-02,428.4,none,False,,True,True
3987,Bengaluru,2026-06-28,378.95,missing_or_wrong_item,True,6.9,False,False
3988,Delhi,2026-05-02,267.15,refund_delay_only,True,8.9,True,False
3995,Mumbai,2026-05-14,252.12,none,False,,True,True
3997,Hyderabad,2026-05-26,797.84,missing_or_wrong_item,True,16.7,False,False
